"No. do Periodo";Data;"Altura Mediado Medidor(m)"
1;01/10/2000;7.59
2;02/10/2000;7.6
3;03/10/2000;7.82
4;04/10/2000;8.17
5;05/10/2000;8.16
6;06/10/2000;8.16
7;07/10/2000;8.21
8;08/10/2000;8.21
9;09/10/2000;8.19
10;10/10/2000;8.17
11;11/10/2000;8.16
12;12/10/2000;8.14
13;13/10/2000;8.13
14;14/10/2000;8.11
15;15/10/2000;8.08
16;16/10/2000;8.06
17;17/10/2000;8.04
18;18/10/2000;8.02
19;19/10/2000;8
20;20/10/2000;7.99
21;21/10/2000;7.97
22;22/10/2000;7.95
23;23/10/2000;7.93
24;24/10/2000;7.91
25;25/10/2000;7.89
26;26/10/2000;7.87
27;27/10/2000;7.85
28;28/10/2000;7.84
29;29/10/2000;7.81
30;30/10/2000;7.8
31;31/10/2000;7.78
32;01/11/2000;7.77
33;02/11/2000;7.75
34;03/11/2000;7.73
35;04/11/2000;7.72
36;05/11/2000;7.7
37;06/11/2000;7.68
38;07/11/2000;7.67
39;08/11/2000;7.66
40;09/11/2000;7.65
41;10/11/2000;7.65
42;11/11/2000;7.64
43;12/11/2000;7.63
44;13/11/2000;7.62
45;14/11/2000;7.61
46;15/11/2000;7.6
47;16/11/2000;7.59
48;17/11/2000;7.58
49;18/11/2000;7.57
50;19/11/2000;7.56
51;20/11/2000;7.56
52;21/11/2000;7.55
53;22/11/2000;7.53
54;23/11/2000;7.52
55;24/11/2000;7.51
56;25/11/2000;7.51
57;26/11/2000;7.51
58;27/11/2000;7.5
59;28/11/2000;7.49
60;29/11/2000;7.48
61;30/11/2000;7.47
62;01/12/2000;7.46
63;02/12/2000;7.45
64;03/12/2000;7.44
65;04/12/2000;7.44
66;05/12/2000;7.43
67;06/12/2000;7.41
68;07/12/2000;7.41
69;08/12/2000;7.41
70;09/12/2000;7.4
71;10/12/2000;7.42
72;11/12/2000;7.47
73;12/12/2000;7.47
74;13/12/2000;7.46
75;14/12/2000;7.46
76;15/12/2000;7.45
77;16/12/2000;7.45
78;17/12/2000;7.44
79;18/12/2000;7.43
80;19/12/2000;7.43
81;20/12/2000;7.41
82;21/12/2000;7.4
83;22/12/2000;7.39
84;23/12/2000;7.39
85;24/12/2000;7.39
86;25/12/2000;7.38
87;26/12/2000;7.37
88;27/12/2000;7.36
89;28/12/2000;7.36
90;29/12/2000;7.35
91;30/12/2000;7.35
92;31/12/2000;7.33
93;01/01/2001;7.32
94;02/01/2001;7.31
95;03/01/2001;7.3
96;04/01/2001;7.3
97;05/01/2001;7.29
98;06/01/2001;7.29
99;07/01/2001;7.28
100;08/01/2001;7.27
101;09/01/2001;7.26
102;10/01/2001;7.25
103;11/01/2001;7.24
104;12/01/2001;7.24
105;13/01/2001;7.22
106;14/01/2001;7.22
107;15/01/2001;7.21
108;16/01/2001;7.21
109;17/01/2001;7.2
110;18/01/2001;7.19
111;19/01/2001;7.19
112;20/01/2001;7.2
113;21/01/2001;7.21
114;22/01/2001;7.21
115;23/01/2001;7.21
116;24/01/2001;7.2
117;25/01/2001;7.19
118;26/01/2001;7.18
119;27/01/2001;7.18
120;28/01/2001;7.17
121;29/01/2001;7.16
122;30/01/2001;7.15
123;31/01/2001;7.14
124;01/02/2001;7.13
125;02/02/2001;7.12
126;03/02/2001;7.11
127;04/02/2001;7.1
128;05/02/2001;7.1
129;06/02/2001;7.07
130;07/02/2001;7.06
131;08/02/2001;7.04
132;09/02/2001;7.03
133;10/02/2001;7.02
134;11/02/2001;7.01
135;12/02/2001;6.99
136;13/02/2001;6.97
137;14/02/2001;6.94
138;15/02/2001;6.92
139;16/02/2001;6.9
140;17/02/2001;6.87
141;18/02/2001;6.83
142;19/02/2001;6.79
143;20/02/2001;6.75
144;21/02/2001;6.71
145;22/02/2001;6.66
146;23/02/2001;6.62
147;24/02/2001;6.58
148;25/02/2001;6.54
149;26/02/2001;6.51
150;27/02/2001;6.48
151;28/02/2001;6.45
152;01/03/2001;6.42
153;02/03/2001;6.38
154;03/03/2001;6.35
155;04/03/2001;6.34
156;05/03/2001;6.42
157;06/03/2001;6.38
158;07/03/2001;6.34
159;08/03/2001;6.31
160;09/03/2001;6.29
161;10/03/2001;6.28
162;11/03/2001;6.26
163;12/03/2001;6.24
164;13/03/2001;6.22
165;14/03/2001;6.19
166;15/03/2001;6.17
167;16/03/2001;6.14
168;17/03/2001;6.12
169;18/03/2001;6.19
170;19/03/2001;6.29
171;20/03/2001;6.4
172;21/03/2001;6.36
173;22/03/2001;6.32
174;23/03/2001;6.28
175;24/03/2001;6.26
176;25/03/2001;6.23
177;26/03/2001;6.2
178;27/03/2001;6.17
179;28/03/2001;6.15
180;29/03/2001;6.13
181;30/03/2001;6.22
182;31/03/2001;6.22
183;01/04/2001;6.27
184;02/04/2001;6.26
185;03/04/2001;6.22
186;04/04/2001;6.18
187;05/04/2001;6.16
188;06/04/2001;6.14
189;07/04/2001;6.21
190;08/04/2001;6.18
191;09/04/2001;6.14
192;10/04/2001;6.1
193;11/04/2001;6.07
194;12/04/2001;6.04
195;13/04/2001;6.02
196;14/04/2001;5.99
197;15/04/2001;5.97
198;16/04/2001;5.94
199;17/04/2001;5.91
200;18/04/2001;5.87
201;19/04/2001;5.83
202;20/04/2001;5.81
203;21/04/2001;5.78
204;22/04/2001;5.75
205;23/04/2001;5.73
206;24/04/2001;5.71
207;25/04/2001;5.67
208;26/04/2001;5.64
209;27/04/2001;5.62
210;28/04/2001;5.6
211;29/04/2001;5.58
212;30/04/2001;5.58
213;01/05/2001;5.59
214;02/05/2001;5.61
215;03/05/2001;5.65
216;04/05/2001;5.88
217;05/05/2001;5.88
218;06/05/2001;5.83
219;07/05/2001;5.78
220;08/05/2001;5.74
221;09/05/2001;5.7
222;10/05/2001;5.67
223;11/05/2001;5.63
224;12/05/2001;5.59
225;13/05/2001;5.56
226;14/05/2001;5.52
227;15/05/2001;5.49
228;16/05/2001;5.46
229;17/05/2001;5.43
230;18/05/2001;5.39
231;19/05/2001;5.35
232;20/05/2001;5.31
233;21/05/2001;5.27
234;22/05/2001;5.23
235;23/05/2001;5.37
236;24/05/2001;5.71
237;25/05/2001;5.72
238;26/05/2001;5.7
239;27/05/2001;5.7
240;28/05/2001;5.73
241;29/05/2001;5.74
242;30/05/2001;5.73
243;31/05/2001;5.72
244;01/06/2001;5.76
245;02/06/2001;5.94
246;03/06/2001;6
247;04/06/2001;6.03
248;05/06/2001;6.05
249;06/06/2001;6.05
250;07/06/2001;6.01
251;08/06/2001;6.04
252;09/06/2001;6.18
253;10/06/2001;6.21
254;11/06/2001;6.17
255;12/06/2001;6.13
256;13/06/2001;6.1
257;14/06/2001;6.13
258;15/06/2001;6.16
259;16/06/2001;6.25
260;17/06/2001;6.41
261;18/06/2001;6.39
262;19/06/2001;6.38
263;20/06/2001;6.34
264;21/06/2001;6.34
265;22/06/2001;6.42
266;23/06/2001;6.49
267;24/06/2001;6.58
268;25/06/2001;6.66
269;26/06/2001;6.77
270;27/06/2001;6.78
271;28/06/2001;6.84
272;29/06/2001;6.84
273;30/06/2001;6.82
274;01/07/2001;6.81
275;02/07/2001;6.79
276;03/07/2001;6.77
277;04/07/2001;6.75
278;05/07/2001;6.79
279;06/07/2001;6.79
280;07/07/2001;6.85
281;08/07/2001;6.96
282;09/07/2001;7
283;10/07/2001;7
284;11/07/2001;6.99
285;12/07/2001;6.99
286;13/07/2001;6.97
287;14/07/2001;6.96
288;15/07/2001;7.01
289;16/07/2001;7.02
290;17/07/2001;7.05
291;18/07/2001;7.11
292;19/07/2001;7.13
293;20/07/2001;7.12
294;21/07/2001;7.17
295;22/07/2001;7.22
296;23/07/2001;7.21
297;24/07/2001;7.2
298;25/07/2001;7.19
299;26/07/2001;7.17
300;27/07/2001;7.15
301;28/07/2001;7.13
302;29/07/2001;7.11
303;30/07/2001;7.1
304;31/07/2001;7.08
305;01/08/2001;7.13
306;02/08/2001;7.24
307;03/08/2001;7.33
308;04/08/2001;7.39
309;05/08/2001;7.42
310;06/08/2001;7.44
311;07/08/2001;7.43
312;08/08/2001;7.42
313;09/08/2001;7.42
314;10/08/2001;7.41
315;11/08/2001;7.47
316;12/08/2001;7.52
317;13/08/2001;7.5
318;14/08/2001;7.49
319;15/08/2001;7.5
320;16/08/2001;7.49
321;17/08/2001;7.49
322;18/08/2001;7.48
323;19/08/2001;7.48
324;20/08/2001;7.47
325;21/08/2001;7.48
326;22/08/2001;7.49
327;23/08/2001;7.51
328;24/08/2001;7.51
329;25/08/2001;7.51
330;26/08/2001;7.51
331;27/08/2001;7.5
332;28/08/2001;7.49
333;29/08/2001;7.49
334;30/08/2001;7.49
335;31/08/2001;7.49
336;01/09/2001;7.49
337;02/09/2001;7.48
338;03/09/2001;7.47
339;04/09/2001;7.47
340;05/09/2001;7.47
341;06/09/2001;7.47
342;07/09/2001;7.45
343;08/09/2001;7.47
344;09/09/2001;7.51
345;10/09/2001;7.55
346;11/09/2001;7.6
347;12/09/2001;7.63
348;13/09/2001;7.74
349;14/09/2001;7.87
350;15/09/2001;7.93
351;16/09/2001;7.93
352;17/09/2001;7.93
353;18/09/2001;7.93
354;19/09/2001;7.96
355;20/09/2001;7.95
356;21/09/2001;7.94
357;22/09/2001;7.92
358;23/09/2001;7.91
359;24/09/2001;7.92
360;25/09/2001;7.92
361;26/09/2001;7.92
362;27/09/2001;7.97
363;28/09/2001;8.06
364;29/09/2001;8.39
365;30/09/2001;8.47
366;01/10/2001;8.46
367;02/10/2001;8.45
368;03/10/2001;8.43
369;04/10/2001;8.41
370;05/10/2001;8.42
371;06/10/2001;8.42
372;07/10/2001;8.4
373;08/10/2001;8.38
374;09/10/2001;8.38
375;10/10/2001;8.38
376;11/10/2001;8.36
377;12/10/2001;8.34
378;13/10/2001;8.32
379;14/10/2001;8.33
380;15/10/2001;8.35
381;16/10/2001;8.34
382;17/10/2001;8.33
383;18/10/2001;8.32
384;19/10/2001;8.37
385;20/10/2001;8.42
386;21/10/2001;8.53
387;22/10/2001;8.72
388;23/10/2001;8.73
389;24/10/2001;8.74
390;25/10/2001;8.76
391;26/10/2001;8.76
392;27/10/2001;8.74
393;28/10/2001;8.71
394;29/10/2001;8.68
395;30/10/2001;8.66
396;31/10/2001;8.65
397;01/11/2001;8.62
398;02/11/2001;8.6
399;03/11/2001;8.58
400;04/11/2001;8.56
401;05/11/2001;8.6
402;06/11/2001;8.6
403;07/11/2001;8.57
404;08/11/2001;8.55
405;09/11/2001;8.53
406;10/11/2001;8.5
407;11/11/2001;8.48
408;12/11/2001;8.46
409;13/11/2001;8.44
410;14/11/2001;8.42
411;15/11/2001;8.4
412;16/11/2001;8.37
413;17/11/2001;8.35
414;18/11/2001;8.33
415;19/11/2001;8.31
416;20/11/2001;8.29
417;21/11/2001;8.27
418;22/11/2001;8.25
419;23/11/2001;8.23
420;24/11/2001;8.2
421;25/11/2001;8.18
422;26/11/2001;8.16
423;27/11/2001;8.14
424;28/11/2001;8.11
425;29/11/2001;8.09
426;30/11/2001;8.07
427;01/12/2001;8.05
428;02/12/2001;8.04
429;03/12/2001;8.02
430;04/12/2001;8
431;05/12/2001;7.99
432;06/12/2001;7.99
433;07/12/2001;8.01
434;08/12/2001;8.01
435;09/12/2001;8
436;10/12/2001;8
437;11/12/2001;7.99
438;12/12/2001;7.98
439;13/12/2001;7.96
440;14/12/2001;7.95
441;15/12/2001;7.94
442;16/12/2001;7.92
443;17/12/2001;7.91
444;18/12/2001;7.9
445;19/12/2001;7.89
446;20/12/2001;7.88
447;21/12/2001;7.86
448;22/12/2001;7.85
449;23/12/2001;7.84
450;24/12/2001;7.83
451;25/12/2001;7.81
452;26/12/2001;7.81
453;27/12/2001;7.8
454;28/12/2001;7.78
455;29/12/2001;7.77
456;30/12/2001;7.76
457;31/12/2001;7.75
458;01/01/2002;7.78
459;02/01/2002;7.78
460;03/01/2002;7.79
461;04/01/2002;7.77
462;05/01/2002;7.76
463;06/01/2002;7.74
464;07/01/2002;7.73
465;08/01/2002;7.71
466;09/01/2002;7.7
467;10/01/2002;7.68
468;11/01/2002;7.67
469;12/01/2002;7.66
470;13/01/2002;7.65
471;14/01/2002;7.64
472;15/01/2002;7.63
473;16/01/2002;7.62
474;17/01/2002;7.6
475;18/01/2002;7.59
476;19/01/2002;7.57
477;20/01/2002;7.56
478;21/01/2002;7.55
479;22/01/2002;7.53
480;23/01/2002;7.52
481;24/01/2002;7.5
482;25/01/2002;7.49
483;26/01/2002;7.47
484;27/01/2002;7.46
485;28/01/2002;7.45
486;29/01/2002;7.43
487;30/01/2002;7.43
488;31/01/2002;7.41
489;01/02/2002;7.4
490;02/02/2002;7.39
491;03/02/2002;7.37
492;04/02/2002;7.36
493;05/02/2002;7.35
494;06/02/2002;7.33
495;07/02/2002;7.32
496;08/02/2002;7.31
497;09/02/2002;7.31
498;10/02/2002;7.34
499;11/02/2002;7.36
500;12/02/2002;7.35
501;13/02/2002;7.34
502;14/02/2002;7.33
503;15/02/2002;7.33
504;16/02/2002;7.32
505;17/02/2002;7.31
506;18/02/2002;7.3
507;19/02/2002;7.29
508;20/02/2002;7.28
509;21/02/2002;7.28
510;22/02/2002;7.27
511;23/02/2002;7.37
512;24/02/2002;7.38
513;25/02/2002;7.37
514;26/02/2002;7.36
515;27/02/2002;7.36
516;28/02/2002;7.34
517;01/03/2002;7.34
518;02/03/2002;7.34
519;03/03/2002;7.34
520;04/03/2002;7.34
521;05/03/2002;7.33
522;06/03/2002;7.32
523;07/03/2002;7.34
524;08/03/2002;7.36
525;09/03/2002;7.37
526;10/03/2002;7.37
527;11/03/2002;7.37
528;12/03/2002;7.37
529;13/03/2002;7.36
530;14/03/2002;7.36
531;15/03/2002;7.35
532;16/03/2002;7.35
533;17/03/2002;7.34
534;18/03/2002;7.33
535;19/03/2002;7.33
536;20/03/2002;7.32
537;21/03/2002;7.31
538;22/03/2002;7.3
539;23/03/2002;7.29
540;24/03/2002;7.28
541;25/03/2002;7.27
542;26/03/2002;7.27
543;27/03/2002;7.31
544;28/03/2002;7.32
545;29/03/2002;7.31
546;30/03/2002;7.3
547;31/03/2002;7.29
548;01/04/2002;7.26
549;02/04/2002;7.28
550;03/04/2002;7.31
551;04/04/2002;7.3
552;05/04/2002;7.29
553;06/04/2002;7.27
554;07/04/2002;7.25
555;08/04/2002;7.24
556;09/04/2002;7.23
557;10/04/2002;7.22
558;11/04/2002;7.2
559;12/04/2002;7.19
560;13/04/2002;7.18
561;14/04/2002;7.17
562;15/04/2002;7.16
563;16/04/2002;7.15
564;17/04/2002;7.13
565;18/04/2002;7.11
566;19/04/2002;7.1
567;20/04/2002;7.08
568;21/04/2002;7.07
569;22/04/2002;7.05
570;23/04/2002;7.04
571;24/04/2002;7.03
572;25/04/2002;7.01
573;26/04/2002;6.99
574;27/04/2002;6.97
575;28/04/2002;6.95
576;29/04/2002;6.93
577;30/04/2002;6.91
578;01/05/2002;6.89
579;02/05/2002;6.87
580;03/05/2002;6.84
581;04/05/2002;6.82
582;05/05/2002;6.79
583;06/05/2002;6.76
584;07/05/2002;6.73
585;08/05/2002;6.69
586;09/05/2002;6.66
587;10/05/2002;6.62
588;11/05/2002;6.57
589;12/05/2002;6.52
590;13/05/2002;6.48
591;14/05/2002;6.44
592;15/05/2002;6.43
593;16/05/2002;6.47
594;17/05/2002;6.45
595;18/05/2002;6.42
596;19/05/2002;6.52
597;20/05/2002;6.83
598;21/05/2002;6.83
599;22/05/2002;6.87
600;23/05/2002;6.93
601;24/05/2002;6.91
602;25/05/2002;6.89
603;26/05/2002;6.88
604;27/05/2002;6.85
605;28/05/2002;6.86
606;29/05/2002;6.85
607;30/05/2002;6.86
608;31/05/2002;6.91
609;01/06/2002;6.91
610;02/06/2002;6.92
611;03/06/2002;6.92
612;04/06/2002;6.92
613;05/06/2002;6.91
614;06/06/2002;6.92
615;07/06/2002;6.97
616;08/06/2002;7.09
617;09/06/2002;7.08
618;10/06/2002;7.07
619;11/06/2002;7.08
620;12/06/2002;7.1
621;13/06/2002;7.12
622;14/06/2002;7.16
623;15/06/2002;7.29
624;16/06/2002;7.39
625;17/06/2002;7.38
626;18/06/2002;7.36
627;19/06/2002;7.34
628;20/06/2002;7.35
629;21/06/2002;7.45
630;22/06/2002;7.47
631;23/06/2002;7.48
632;24/06/2002;7.53
633;25/06/2002;7.58
634;26/06/2002;7.6
635;27/06/2002;7.59
636;28/06/2002;7.63
637;29/06/2002;7.67
638;30/06/2002;7.65
639;01/07/2002;7.67
640;02/07/2002;7.71
641;03/07/2002;7.72
642;04/07/2002;7.77
643;05/07/2002;7.82
644;06/07/2002;7.79
645;07/07/2002;7.78
646;08/07/2002;7.89
647;09/07/2002;7.96
648;10/07/2002;7.99
649;11/07/2002;8.02
650;12/07/2002;8.03
651;13/07/2002;8.09
652;14/07/2002;8.08
653;15/07/2002;8.06
654;16/07/2002;8.05
655;17/07/2002;8.03
656;18/07/2002;8.06
657;19/07/2002;8.08
658;20/07/2002;8.07
659;21/07/2002;8.04
660;22/07/2002;8.03
661;23/07/2002;8.02
662;24/07/2002;8.01
663;25/07/2002;7.99
664;26/07/2002;7.98
665;27/07/2002;7.97
666;28/07/2002;7.95
667;29/07/2002;7.92
668;30/07/2002;7.9
669;31/07/2002;7.89
670;01/08/2002;7.87
671;02/08/2002;7.86
672;03/08/2002;7.87
673;04/08/2002;7.94
674;05/08/2002;7.93
675;06/08/2002;7.91
676;07/08/2002;7.9
677;08/08/2002;7.91
678;09/08/2002;7.9
679;10/08/2002;7.89
680;11/08/2002;7.88
681;12/08/2002;7.88
682;13/08/2002;7.88
683;14/08/2002;7.87
684;15/08/2002;7.87
685;16/08/2002;7.87
686;17/08/2002;7.86
687;18/08/2002;7.86
688;19/08/2002;7.85
689;20/08/2002;7.84
690;21/08/2002;7.85
691;22/08/2002;7.84
692;23/08/2002;7.84
693;24/08/2002;7.85
694;25/08/2002;7.84
695;26/08/2002;7.83
696;27/08/2002;7.87
697;28/08/2002;7.91
698;29/08/2002;7.92
699;30/08/2002;7.97
700;31/08/2002;8.01
701;01/09/2002;8.06
702;02/09/2002;8.09
703;03/09/2002;8.11
704;04/09/2002;8.15
705;05/09/2002;8.16
706;06/09/2002;8.19
707;07/09/2002;8.18
708;08/09/2002;8.18
709;09/09/2002;8.17
710;10/09/2002;8.17
711;11/09/2002;8.24
712;12/09/2002;8.32
713;13/09/2002;8.31
714;14/09/2002;8.31
715;15/09/2002;8.3
716;16/09/2002;8.29
717;17/09/2002;8.27
718;18/09/2002;8.26
719;19/09/2002;8.26
720;20/09/2002;8.25
721;21/09/2002;8.23
722;22/09/2002;8.21
723;23/09/2002;8.19
724;24/09/2002;8.19
725;25/09/2002;8.21
726;26/09/2002;8.18
727;27/09/2002;8.16
728;28/09/2002;8.17
729;29/09/2002;8.18
730;30/09/2002;8.16
731;01/10/2002;8.17
732;02/10/2002;8.14
733;03/10/2002;8.12
734;04/10/2002;8.1
735;05/10/2002;8.09
736;06/10/2002;8.08
737;07/10/2002;8.06
738;08/10/2002;8.03
739;09/10/2002;8.02
740;10/10/2002;7.99
741;11/10/2002;7.99
742;12/10/2002;8.02
743;13/10/2002;8
744;14/10/2002;7.98
745;15/10/2002;7.97
746;16/10/2002;8.06
747;17/10/2002;8.07
748;18/10/2002;8.05
749;19/10/2002;8.03
750;20/10/2002;8.01
751;21/10/2002;8.01
752;22/10/2002;8
753;23/10/2002;7.98
754;24/10/2002;7.97
755;25/10/2002;7.95
756;26/10/2002;
757;27/10/2002;7.94
758;28/10/2002;7.92
759;29/10/2002;7.9
760;30/10/2002;7.88
761;31/10/2002;7.87
762;01/11/2002;7.91
763;02/11/2002;7.91
764;03/11/2002;7.9
765;04/11/2002;7.88
766;05/11/2002;7.86
767;06/11/2002;7.85
768;07/11/2002;7.83
769;08/11/2002;7.81
770;09/11/2002;7.78
771;10/11/2002;7.77
772;11/11/2002;7.75
773;12/11/2002;7.73
774;13/11/2002;7.72
775;14/11/2002;
776;15/11/2002;7.69
777;16/11/2002;7.72
778;17/11/2002;7.92
779;18/11/2002;7.93
780;19/11/2002;7.91
781;20/11/2002;7.89
782;21/11/2002;7.88
783;22/11/2002;
784;23/11/2002;
785;24/11/2002;7.84
786;25/11/2002;7.82
787;26/11/2002;7.81
788;27/11/2002;7.79
789;28/11/2002;
790;29/11/2002;
791;30/11/2002;7.73
792;01/12/2002;7.71
793;02/12/2002;7.7
794;03/12/2002;7.68
795;04/12/2002;7.67
796;05/12/2002;7.66
797;06/12/2002;7.66
798;07/12/2002;7.64
799;08/12/2002;7.62
800;09/12/2002;7.66
801;10/12/2002;7.82
802;11/12/2002;7.82
803;12/12/2002;7.82
804;13/12/2002;7.82
805;14/12/2002;7.81
806;15/12/2002;7.79
807;16/12/2002;7.78
808;17/12/2002;7.76
809;18/12/2002;7.74
810;19/12/2002;7.74
811;20/12/2002;7.73
812;21/12/2002;7.71
813;22/12/2002;7.69
814;23/12/2002;7.68
815;24/12/2002;7.67
816;25/12/2002;7.69
817;26/12/2002;7.68
818;27/12/2002;7.67
819;28/12/2002;7.66
820;29/12/2002;7.64
821;30/12/2002;7.64
822;31/12/2002;7.63
823;01/01/2003;7.63
824;02/01/2003;7.63
825;03/01/2003;7.65
826;04/01/2003;7.64
827;05/01/2003;7.63
828;06/01/2003;7.62
829;07/01/2003;7.61
830;08/01/2003;7.6
831;09/01/2003;7.59
832;10/01/2003;7.58
833;11/01/2003;7.57
834;12/01/2003;7.56
835;13/01/2003;7.55
836;14/01/2003;7.56
837;15/01/2003;7.55
838;16/01/2003;7.54
839;17/01/2003;7.54
840;18/01/2003;7.53
841;19/01/2003;7.52
842;20/01/2003;7.51
843;21/01/2003;7.5
844;22/01/2003;7.5
845;23/01/2003;7.49
846;24/01/2003;7.47
847;25/01/2003;7.47
848;26/01/2003;7.46
849;27/01/2003;7.45
850;28/01/2003;7.44
851;29/01/2003;7.43
852;30/01/2003;7.43
853;31/01/2003;7.42
854;01/02/2003;7.42
855;02/02/2003;7.42
856;03/02/2003;7.41
857;04/02/2003;7.4
858;05/02/2003;7.4
859;06/02/2003;7.39
860;07/02/2003;7.39
861;08/02/2003;7.38
862;09/02/2003;7.37
863;10/02/2003;7.36
864;11/02/2003;7.35
865;12/02/2003;7.34
866;13/02/2003;7.33
867;14/02/2003;7.32
868;15/02/2003;7.32
869;16/02/2003;7.31
870;17/02/2003;7.31
871;18/02/2003;7.3
872;19/02/2003;7.29
873;20/02/2003;7.31
874;21/02/2003;7.31
875;22/02/2003;7.3
876;23/02/2003;7.31
877;24/02/2003;7.31
878;25/02/2003;7.31
879;26/02/2003;7.33
880;27/02/2003;7.32
881;28/02/2003;7.32
882;01/03/2003;7.31
883;02/03/2003;7.31
884;03/03/2003;7.3
885;04/03/2003;7.3
886;05/03/2003;7.29
887;06/03/2003;7.28
888;07/03/2003;7.28
889;08/03/2003;7.26
890;09/03/2003;7.26
891;10/03/2003;7.25
892;11/03/2003;7.25
893;12/03/2003;7.24
894;13/03/2003;7.24
895;14/03/2003;7.23
896;15/03/2003;7.22
897;16/03/2003;7.22
898;17/03/2003;7.27
899;18/03/2003;7.28
900;19/03/2003;7.28
901;20/03/2003;7.28
902;21/03/2003;7.27
903;22/03/2003;7.26
904;23/03/2003;7.25
905;24/03/2003;7.24
906;25/03/2003;7.23
907;26/03/2003;7.22
908;27/03/2003;7.24
909;28/03/2003;7.3
910;29/03/2003;7.3
911;30/03/2003;
912;31/03/2003;
913;01/04/2003;7.27
914;02/04/2003;7.27
915;03/04/2003;7.25
916;04/04/2003;7.24
917;05/04/2003;7.24
918;06/04/2003;7.24
919;07/04/2003;
920;08/04/2003;7.23
921;09/04/2003;7.21
922;10/04/2003;7.21
923;11/04/2003;7.19
924;12/04/2003;7.18
925;13/04/2003;7.17
926;14/04/2003;7.16
927;15/04/2003;7.16
928;16/04/2003;7.15
929;17/04/2003;7.14
930;18/04/2003;7.14
931;19/04/2003;7.25
932;20/04/2003;7.24
933;21/04/2003;7.23
934;22/04/2003;7.22
935;23/04/2003;7.2
936;24/04/2003;7.18
937;25/04/2003;7.17
938;26/04/2003;7.21
939;27/04/2003;7.25
940;28/04/2003;7.3
941;29/04/2003;7.41
942;30/04/2003;7.43
943;01/05/2003;7.48
944;02/05/2003;7.48
945;03/05/2003;7.46
946;04/05/2003;7.44
947;05/05/2003;7.42
948;06/05/2003;7.4
949;07/05/2003;7.37
950;08/05/2003;7.37
951;09/05/2003;7.36
952;10/05/2003;7.35
953;11/05/2003;
954;12/05/2003;
955;13/05/2003;
956;14/05/2003;
957;15/05/2003;
958;16/05/2003;
959;17/05/2003;
960;18/05/2003;
961;19/05/2003;
962;20/05/2003;
963;21/05/2003;
964;22/05/2003;
965;23/05/2003;
966;24/05/2003;
967;25/05/2003;
968;26/05/2003;
969;27/05/2003;
970;28/05/2003;7.53
971;29/05/2003;7.61
972;30/05/2003;7.65
973;31/05/2003;7.64
974;01/06/2003;7.62
975;02/06/2003;7.6
976;03/06/2003;7.61
977;04/06/2003;7.63
978;05/06/2003;7.68
979;06/06/2003;7.68
980;07/06/2003;7.67
981;08/06/2003;7.71
982;09/06/2003;7.75
983;10/06/2003;7.82
984;11/06/2003;7.92
985;12/06/2003;7.93
986;13/06/2003;7.94
987;14/06/2003;7.92
988;15/06/2003;7.91
989;16/06/2003;7.93
990;17/06/2003;7.92
991;18/06/2003;7.92
992;19/06/2003;7.91
993;20/06/2003;7.92
994;21/06/2003;7.94
995;22/06/2003;8.08
996;23/06/2003;8.23
997;24/06/2003;8.24
998;25/06/2003;8.25
999;26/06/2003;8.22
1,000;27/06/2003;8.21
1,001;28/06/2003;8.2
1,002;29/06/2003;8.17
1,003;30/06/2003;8.14
1,004;01/07/2003;8.12
1,005;02/07/2003;8.1
1,006;03/07/2003;8.09
1,007;04/07/2003;8.07
1,008;05/07/2003;8.06
1,009;06/07/2003;8.04
1,010;07/07/2003;8.02
1,011;08/07/2003;8
1,012;09/07/2003;7.98
1,013;10/07/2003;7.95
1,014;11/07/2003;7.93
1,015;12/07/2003;7.9
1,016;13/07/2003;7.88
1,017;14/07/2003;7.86
1,018;15/07/2003;7.86
1,019;16/07/2003;7.9
1,020;17/07/2003;7.94
1,021;18/07/2003;7.9
1,022;19/07/2003;7.91
1,023;20/07/2003;7.9
1,024;21/07/2003;7.91
1,025;22/07/2003;7.99
1,026;23/07/2003;7.97
1,027;24/07/2003;7.94
1,028;25/07/2003;7.92
1,029;26/07/2003;7.89
1,030;27/07/2003;7.87
1,031;28/07/2003;7.85
1,032;29/07/2003;7.84
1,033;30/07/2003;7.84
1,034;31/07/2003;7.87
1,035;01/08/2003;7.93
1,036;02/08/2003;7.98
1,037;03/08/2003;8.02
1,038;04/08/2003;8.04
1,039;05/08/2003;8.05
1,040;06/08/2003;8.05
1,041;07/08/2003;8.04
1,042;08/08/2003;8.03
1,043;09/08/2003;8.06
1,044;10/08/2003;8.15
1,045;11/08/2003;8.16
1,046;12/08/2003;8.14
1,047;13/08/2003;8.13
1,048;14/08/2003;8.14
1,049;15/08/2003;8.15
1,050;16/08/2003;8.13
1,051;17/08/2003;8.14
1,052;18/08/2003;8.18
1,053;19/08/2003;8.16
1,054;20/08/2003;8.18
1,055;21/08/2003;8.23
1,056;22/08/2003;8.24
1,057;23/08/2003;8.22
1,058;24/08/2003;8.21
1,059;25/08/2003;8.2
1,060;26/08/2003;8.22
1,061;27/08/2003;8.21
1,062;28/08/2003;8.23
1,063;29/08/2003;8.25
1,064;30/08/2003;8.24
1,065;31/08/2003;8.23
1,066;01/09/2003;8.25
1,067;02/09/2003;8.29
1,068;03/09/2003;8.31
1,069;04/09/2003;8.32
1,070;05/09/2003;8.32
1,071;06/09/2003;8.39
1,072;07/09/2003;8.41
1,073;08/09/2003;8.42
1,074;09/09/2003;8.41
1,075;10/09/2003;8.4
1,076;11/09/2003;8.41
1,077;12/09/2003;8.39
1,078;13/09/2003;8.41
1,079;14/09/2003;8.42
1,080;15/09/2003;8.42
1,081;16/09/2003;8.4
1,082;17/09/2003;8.39
1,083;18/09/2003;8.39
1,084;19/09/2003;8.4
1,085;20/09/2003;8.38
1,086;21/09/2003;8.38
1,087;22/09/2003;8.36
1,088;23/09/2003;8.34
1,089;24/09/2003;8.33
1,090;25/09/2003;8.33
1,091;26/09/2003;8.37
1,092;27/09/2003;8.38
1,093;28/09/2003;8.39
1,094;29/09/2003;8.52
1,095;30/09/2003;8.63
1,096;01/10/2003;8.62
1,097;02/10/2003;8.61
1,098;03/10/2003;8.59
1,099;04/10/2003;8.57
1,100;05/10/2003;8.56
1,101;06/10/2003;8.55
1,102;07/10/2003;8.54
1,103;08/10/2003;8.52
1,104;09/10/2003;8.5
1,105;10/10/2003;8.49
1,106;11/10/2003;8.47
1,107;12/10/2003;8.47
1,108;13/10/2003;8.46
1,109;14/10/2003;8.44
1,110;15/10/2003;8.42
1,111;16/10/2003;8.4
1,112;17/10/2003;8.4
1,113;18/10/2003;8.43
1,114;19/10/2003;8.4
1,115;20/10/2003;8.38
1,116;21/10/2003;8.35
1,117;22/10/2003;8.33
1,118;23/10/2003;8.31
1,119;24/10/2003;8.29
1,120;25/10/2003;8.28
1,121;26/10/2003;8.27
1,122;27/10/2003;8.26
1,123;28/10/2003;8.24
1,124;29/10/2003;8.31
1,125;30/10/2003;8.28
1,126;31/10/2003;8.28
1,127;01/11/2003;8.26
1,128;02/11/2003;8.24
1,129;03/11/2003;8.24
1,130;04/11/2003;8.26
1,131;05/11/2003;8.32
1,132;06/11/2003;8.35
1,133;07/11/2003;8.37
1,134;08/11/2003;8.36
1,135;09/11/2003;8.36
1,136;10/11/2003;8.35
1,137;11/11/2003;8.34
1,138;12/11/2003;8.32
1,139;13/11/2003;8.31
1,140;14/11/2003;8.29
1,141;15/11/2003;8.27
1,142;16/11/2003;8.26
1,143;17/11/2003;8.25
1,144;18/11/2003;8.24
1,145;19/11/2003;8.23
1,146;20/11/2003;8.21
1,147;21/11/2003;8.19
1,148;22/11/2003;8.17
1,149;23/11/2003;8.16
1,150;24/11/2003;8.14
1,151;25/11/2003;8.12
1,152;26/11/2003;8.11
1,153;27/11/2003;8.09
1,154;28/11/2003;8.08
1,155;29/11/2003;8.06
1,156;30/11/2003;8.04
1,157;01/12/2003;8.03
1,158;02/12/2003;8.01
1,159;03/12/2003;8
1,160;04/12/2003;7.98
1,161;05/12/2003;7.97
1,162;06/12/2003;7.96
1,163;07/12/2003;7.95
1,164;08/12/2003;7.94
1,165;09/12/2003;7.92
1,166;10/12/2003;7.91
1,167;11/12/2003;7.9
1,168;12/12/2003;7.89
1,169;13/12/2003;7.88
1,170;14/12/2003;7.88
1,171;15/12/2003;7.91
1,172;16/12/2003;7.9
1,173;17/12/2003;7.9
1,174;18/12/2003;7.88
1,175;19/12/2003;7.87
1,176;20/12/2003;7.85
1,177;21/12/2003;7.83
1,178;22/12/2003;7.82
1,179;23/12/2003;7.82
1,180;24/12/2003;7.8
1,181;25/12/2003;7.78
1,182;26/12/2003;7.77
1,183;27/12/2003;7.75
1,184;28/12/2003;7.74
1,185;29/12/2003;7.72
1,186;30/12/2003;7.71
1,187;31/12/2003;7.69
1,188;01/01/2004;7.68
1,189;02/01/2004;7.67
1,190;03/01/2004;7.66
1,191;04/01/2004;7.65
1,192;05/01/2004;7.64
1,193;06/01/2004;7.63
1,194;07/01/2004;7.62
1,195;08/01/2004;7.6
1,196;09/01/2004;7.58
1,197;10/01/2004;7.57
1,198;11/01/2004;7.55
1,199;12/01/2004;7.54
1,200;13/01/2004;7.53
1,201;14/01/2004;7.52
1,202;15/01/2004;7.51
1,203;16/01/2004;7.5
1,204;17/01/2004;7.49
1,205;18/01/2004;7.52
1,206;19/01/2004;7.58
1,207;20/01/2004;7.56
1,208;21/01/2004;7.55
1,209;22/01/2004;7.54
1,210;23/01/2004;7.53
1,211;24/01/2004;7.51
1,212;25/01/2004;7.5
1,213;26/01/2004;7.49
1,214;27/01/2004;7.49
1,215;28/01/2004;7.49
1,216;29/01/2004;7.47
1,217;30/01/2004;7.47
1,218;31/01/2004;7.53
1,219;01/02/2004;7.73
1,220;02/02/2004;7.74
1,221;03/02/2004;7.74
1,222;04/02/2004;7.72
1,223;05/02/2004;7.7
1,224;06/02/2004;7.69
1,225;07/02/2004;7.68
1,226;08/02/2004;7.66
1,227;09/02/2004;7.65
1,228;10/02/2004;7.64
1,229;11/02/2004;7.63
1,230;12/02/2004;7.62
1,231;13/02/2004;7.61
1,232;14/02/2004;7.61
1,233;15/02/2004;7.61
1,234;16/02/2004;7.61
1,235;17/02/2004;7.59
1,236;18/02/2004;7.58
1,237;19/02/2004;7.57
1,238;20/02/2004;7.56
1,239;21/02/2004;7.55
1,240;22/02/2004;7.54
1,241;23/02/2004;7.53
1,242;24/02/2004;7.52
1,243;25/02/2004;7.56
1,244;26/02/2004;7.67
1,245;27/02/2004;7.67
1,246;28/02/2004;7.65
1,247;29/02/2004;7.64
1,248;01/03/2004;7.63
1,249;02/03/2004;7.62
1,250;03/03/2004;7.6
1,251;04/03/2004;7.59
1,252;05/03/2004;7.58
1,253;06/03/2004;7.57
1,254;07/03/2004;7.55
1,255;08/03/2004;7.54
1,256;09/03/2004;7.52
1,257;10/03/2004;7.51
1,258;11/03/2004;7.49
1,259;12/03/2004;7.48
1,260;13/03/2004;7.47
1,261;14/03/2004;7.46
1,262;15/03/2004;7.45
1,263;16/03/2004;7.44
1,264;17/03/2004;7.43
1,265;18/03/2004;7.42
1,266;19/03/2004;7.4
1,267;20/03/2004;7.39
1,268;21/03/2004;7.37
1,269;22/03/2004;7.35
1,270;23/03/2004;7.34
1,271;24/03/2004;7.32
1,272;25/03/2004;7.32
1,273;26/03/2004;7.35
1,274;27/03/2004;7.35
1,275;28/03/2004;7.33
1,276;29/03/2004;7.31
1,277;30/03/2004;7.3
1,278;31/03/2004;7.29
1,279;01/04/2004;7.27
1,280;02/04/2004;7.26
1,281;03/04/2004;7.24
1,282;04/04/2004;7.22
1,283;05/04/2004;7.21
1,284;06/04/2004;7.19
1,285;07/04/2004;7.18
1,286;08/04/2004;7.16
1,287;09/04/2004;7.16
1,288;10/04/2004;7.15
1,289;11/04/2004;7.17
1,290;12/04/2004;7.2
1,291;13/04/2004;7.29
1,292;14/04/2004;7.36
1,293;15/04/2004;7.32
1,294;16/04/2004;7.3
1,295;17/04/2004;7.28
1,296;18/04/2004;7.26
1,297;19/04/2004;7.25
1,298;20/04/2004;7.23
1,299;21/04/2004;7.22
1,300;22/04/2004;7.2
1,301;23/04/2004;7.18
1,302;24/04/2004;7.16
1,303;25/04/2004;7.14
1,304;26/04/2004;7.13
1,305;27/04/2004;7.11
1,306;28/04/2004;7.12
1,307;29/04/2004;7.14
1,308;30/04/2004;7.14
1,309;01/05/2004;7.17
1,310;02/05/2004;7.16
1,311;03/05/2004;7.22
1,312;04/05/2004;7.41
1,313;05/05/2004;7.38
1,314;06/05/2004;7.35
1,315;07/05/2004;7.32
1,316;08/05/2004;7.29
1,317;09/05/2004;7.27
1,318;10/05/2004;7.25
1,319;11/05/2004;7.23
1,320;12/05/2004;7.21
1,321;13/05/2004;7.19
1,322;14/05/2004;7.17
1,323;15/05/2004;7.15
1,324;16/05/2004;7.14
1,325;17/05/2004;7.12
1,326;18/05/2004;7.1
1,327;19/05/2004;7.08
1,328;20/05/2004;7.06
1,329;21/05/2004;7.04
1,330;22/05/2004;7.02
1,331;23/05/2004;7.01
1,332;24/05/2004;6.99
1,333;25/05/2004;6.97
1,334;26/05/2004;6.94
1,335;27/05/2004;6.92
1,336;28/05/2004;6.89
1,337;29/05/2004;6.86
1,338;30/05/2004;6.83
1,339;31/05/2004;6.8
1,340;01/06/2004;6.77
1,341;02/06/2004;6.71
1,342;03/06/2004;6.66
1,343;04/06/2004;6.72
1,344;05/06/2004;6.96
1,345;06/06/2004;7
1,346;07/06/2004;7.06
1,347;08/06/2004;7.07
1,348;09/06/2004;7.06
1,349;10/06/2004;7.06
1,350;11/06/2004;7.05
1,351;12/06/2004;7.04
1,352;13/06/2004;7.07
1,353;14/06/2004;7.05
1,354;15/06/2004;7.04
1,355;16/06/2004;7.07
1,356;17/06/2004;7.06
1,357;18/06/2004;7.07
1,358;19/06/2004;7.08
1,359;20/06/2004;7.05
1,360;21/06/2004;7.06
1,361;22/06/2004;7.12
1,362;23/06/2004;7.13
1,363;24/06/2004;7.07
1,364;25/06/2004;7.03
1,365;26/06/2004;7
1,366;27/06/2004;6.95
1,367;28/06/2004;6.91
1,368;29/06/2004;6.88
1,369;30/06/2004;6.85
1,370;01/07/2004;6.81
1,371;02/07/2004;6.77
1,372;03/07/2004;6.74
1,373;04/07/2004;6.79
1,374;05/07/2004;6.81
1,375;06/07/2004;6.82
1,376;07/07/2004;6.84
1,377;08/07/2004;7.01
1,378;09/07/2004;6.99
1,379;10/07/2004;6.96
1,380;11/07/2004;6.99
1,381;12/07/2004;7.05
1,382;13/07/2004;7.07
1,383;14/07/2004;7.08
1,384;15/07/2004;7.04
1,385;16/07/2004;7.04
1,386;17/07/2004;7.04
1,387;18/07/2004;7.02
1,388;19/07/2004;7.01
1,389;20/07/2004;7.03
1,390;21/07/2004;7.03
1,391;22/07/2004;7.02
1,392;23/07/2004;7
1,393;24/07/2004;6.98
1,394;25/07/2004;6.95
1,395;26/07/2004;6.94
1,396;27/07/2004;6.95
1,397;28/07/2004;7.02
1,398;29/07/2004;7.03
1,399;30/07/2004;7.03
1,400;31/07/2004;7.11
1,401;01/08/2004;7.26
1,402;02/08/2004;7.34
1,403;03/08/2004;7.36
1,404;04/08/2004;7.39
1,405;05/08/2004;7.39
1,406;06/08/2004;7.41
1,407;07/08/2004;7.43
1,408;08/08/2004;7.46
1,409;09/08/2004;7.47
1,410;10/08/2004;7.43
1,411;11/08/2004;7.4
1,412;12/08/2004;7.37
1,413;13/08/2004;7.34
1,414;14/08/2004;7.34
1,415;15/08/2004;7.36
1,416;16/08/2004;7.36
1,417;17/08/2004;7.37
1,418;18/08/2004;7.4
1,419;19/08/2004;7.39
1,420;20/08/2004;7.38
1,421;21/08/2004;7.38
1,422;22/08/2004;7.4
1,423;23/08/2004;7.39
1,424;24/08/2004;7.37
1,425;25/08/2004;7.36
1,426;26/08/2004;7.36
1,427;27/08/2004;7.37
1,428;28/08/2004;7.41
1,429;29/08/2004;7.4
1,430;30/08/2004;7.39
1,431;31/08/2004;7.38
1,432;01/09/2004;7.37
1,433;02/09/2004;7.36
1,434;03/09/2004;7.35
1,435;04/09/2004;7.35
1,436;05/09/2004;7.47
1,437;06/09/2004;7.55
1,438;07/09/2004;7.57
1,439;08/09/2004;7.6
1,440;09/09/2004;7.62
1,441;10/09/2004;7.61
1,442;11/09/2004;7.59
1,443;12/09/2004;7.58
1,444;13/09/2004;7.56
1,445;14/09/2004;7.56
1,446;15/09/2004;7.55
1,447;16/09/2004;7.55
1,448;17/09/2004;7.54
1,449;18/09/2004;7.53
1,450;19/09/2004;7.52
1,451;20/09/2004;7.54
1,452;21/09/2004;7.55
1,453;22/09/2004;7.6
1,454;23/09/2004;7.63
1,455;24/09/2004;7.62
1,456;25/09/2004;7.62
1,457;26/09/2004;7.67
1,458;27/09/2004;7.7
1,459;28/09/2004;7.7
1,460;29/09/2004;7.74
1,461;30/09/2004;7.77
1,462;01/10/2004;7.78
1,463;02/10/2004;7.79
1,464;03/10/2004;7.8
1,465;04/10/2004;7.81
1,466;05/10/2004;7.81
1,467;06/10/2004;7.81
1,468;07/10/2004;7.83
1,469;08/10/2004;7.84
1,470;09/10/2004;7.83
1,471;10/10/2004;7.83
1,472;11/10/2004;7.82
1,473;12/10/2004;7.82
1,474;13/10/2004;7.82
1,475;14/10/2004;7.82
1,476;15/10/2004;7.88
1,477;16/10/2004;7.89
1,478;17/10/2004;7.88
1,479;18/10/2004;7.88
1,480;19/10/2004;7.88
1,481;20/10/2004;7.91
1,482;21/10/2004;8.05
1,483;22/10/2004;8.06
1,484;23/10/2004;8.07
1,485;24/10/2004;8.07
1,486;25/10/2004;8.07
1,487;26/10/2004;8.06
1,488;27/10/2004;8.05
1,489;28/10/2004;8.05
1,490;29/10/2004;8.04
1,491;30/10/2004;8.03
1,492;31/10/2004;8.03
1,493;01/11/2004;8.02
1,494;02/11/2004;8.02
1,495;03/11/2004;8.01
1,496;04/11/2004;8.01
1,497;05/11/2004;8
1,498;06/11/2004;7.99
1,499;07/11/2004;7.99
1,500;08/11/2004;7.98
1,501;09/11/2004;7.97
1,502;10/11/2004;7.96
1,503;11/11/2004;7.95
1,504;12/11/2004;7.95
1,505;13/11/2004;7.94
1,506;14/11/2004;7.93
1,507;15/11/2004;7.92
1,508;16/11/2004;7.91
1,509;17/11/2004;7.9
1,510;18/11/2004;7.89
1,511;19/11/2004;7.88
1,512;20/11/2004;7.87
1,513;21/11/2004;7.86
1,514;22/11/2004;7.84
1,515;23/11/2004;7.83
1,516;24/11/2004;7.82
1,517;25/11/2004;7.82
1,518;26/11/2004;7.82
1,519;27/11/2004;7.81
1,520;28/11/2004;7.8
1,521;29/11/2004;7.78
1,522;30/11/2004;7.77
1,523;01/12/2004;7.76
1,524;02/12/2004;7.75
1,525;03/12/2004;7.74
1,526;04/12/2004;7.72
1,527;05/12/2004;7.71
1,528;06/12/2004;7.71
1,529;07/12/2004;7.69
1,530;08/12/2004;7.69
1,531;09/12/2004;7.68
1,532;10/12/2004;7.67
1,533;11/12/2004;7.66
1,534;12/12/2004;7.65
1,535;13/12/2004;7.63
1,536;14/12/2004;7.62
1,537;15/12/2004;7.6
1,538;16/12/2004;7.59
1,539;17/12/2004;7.58
1,540;18/12/2004;7.57
1,541;19/12/2004;7.56
1,542;20/12/2004;7.55
1,543;21/12/2004;7.53
1,544;22/12/2004;7.52
1,545;23/12/2004;7.51
1,546;24/12/2004;7.51
1,547;25/12/2004;7.5
1,548;26/12/2004;7.49
1,549;27/12/2004;7.47
1,550;28/12/2004;7.46
1,551;29/12/2004;7.45
1,552;30/12/2004;7.44
1,553;31/12/2004;7.44
1,554;01/01/2005;7.44
1,555;02/01/2005;7.43
1,556;03/01/2005;7.42
1,557;04/01/2005;7.41
1,558;05/01/2005;7.4
1,559;06/01/2005;7.39
1,560;07/01/2005;7.39
1,561;08/01/2005;7.37
1,562;09/01/2005;7.36
1,563;10/01/2005;7.35
1,564;11/01/2005;7.34
1,565;12/01/2005;7.33
1,566;13/01/2005;7.32
1,567;14/01/2005;7.33
1,568;15/01/2005;7.39
1,569;16/01/2005;7.4
1,570;17/01/2005;7.39
1,571;18/01/2005;7.37
1,572;19/01/2005;7.36
1,573;20/01/2005;7.34
1,574;21/01/2005;7.33
1,575;22/01/2005;7.32
1,576;23/01/2005;7.31
1,577;24/01/2005;7.3
1,578;25/01/2005;7.29
1,579;26/01/2005;7.28
1,580;27/01/2005;7.27
1,581;28/01/2005;7.27
1,582;29/01/2005;7.27
1,583;30/01/2005;7.27
1,584;31/01/2005;7.26
1,585;01/02/2005;7.26
1,586;02/02/2005;7.25
1,587;03/02/2005;7.24
1,588;04/02/2005;7.24
1,589;05/02/2005;7.24
1,590;06/02/2005;7.23
1,591;07/02/2005;7.22
1,592;08/02/2005;7.22
1,593;09/02/2005;7.21
1,594;10/02/2005;7.2
1,595;11/02/2005;7.19
1,596;12/02/2005;7.19
1,597;13/02/2005;7.18
1,598;14/02/2005;7.17
1,599;15/02/2005;7.17
1,600;16/02/2005;7.16
1,601;17/02/2005;7.15
1,602;18/02/2005;7.15
1,603;19/02/2005;7.14
1,604;20/02/2005;7.13
1,605;21/02/2005;7.12
1,606;22/02/2005;7.11
1,607;23/02/2005;7.1
1,608;24/02/2005;7.1
1,609;25/02/2005;7.09
1,610;26/02/2005;7.09
1,611;27/02/2005;7.08
1,612;28/02/2005;7.08
1,613;01/03/2005;7.07
1,614;02/03/2005;7.06
1,615;03/03/2005;7.05
1,616;04/03/2005;7.11
1,617;05/03/2005;7.11
1,618;06/03/2005;7.1
1,619;07/03/2005;7.08
1,620;08/03/2005;7.08
1,621;09/03/2005;7.1
1,622;10/03/2005;7.15
1,623;11/03/2005;7.14
1,624;12/03/2005;7.13
1,625;13/03/2005;7.12
1,626;14/03/2005;7.11
1,627;15/03/2005;7.11
1,628;16/03/2005;7.1
1,629;17/03/2005;7.11
1,630;18/03/2005;7.2
1,631;19/03/2005;7.2
1,632;20/03/2005;7.19
1,633;21/03/2005;7.18
1,634;22/03/2005;7.17
1,635;23/03/2005;7.17
1,636;24/03/2005;7.16
1,637;25/03/2005;7.16
1,638;26/03/2005;7.14
1,639;27/03/2005;7.14
1,640;28/03/2005;7.13
1,641;29/03/2005;7.11
1,642;30/03/2005;7.1
1,643;31/03/2005;7.09
1,644;01/04/2005;7.07
1,645;02/04/2005;7.07
1,646;03/04/2005;7.09
1,647;04/04/2005;7.07
1,648;05/04/2005;7.06
1,649;06/04/2005;7.04
1,650;07/04/2005;7.03
1,651;08/04/2005;7.18
1,652;09/04/2005;7.2
1,653;10/04/2005;7.19
1,654;11/04/2005;7.18
1,655;12/04/2005;7.16
1,656;13/04/2005;7.15
1,657;14/04/2005;7.14
1,658;15/04/2005;7.13
1,659;16/04/2005;7.11
1,660;17/04/2005;7.09
1,661;18/04/2005;7.08
1,662;19/04/2005;7.06
1,663;20/04/2005;7.05
1,664;21/04/2005;7.04
1,665;22/04/2005;7.02
1,666;23/04/2005;7
1,667;24/04/2005;6.99
1,668;25/04/2005;6.97
1,669;26/04/2005;6.95
1,670;27/04/2005;6.94
1,671;28/04/2005;6.93
1,672;29/04/2005;6.91
1,673;30/04/2005;6.89
1,674;01/05/2005;6.87
1,675;02/05/2005;6.85
1,676;03/05/2005;6.89
1,677;04/05/2005;7.02
1,678;05/05/2005;7.1
1,679;06/05/2005;7.11
1,680;07/05/2005;7.11
1,681;08/05/2005;7.1
1,682;09/05/2005;7.08
1,683;10/05/2005;7.07
1,684;11/05/2005;7.04
1,685;12/05/2005;7.03
1,686;13/05/2005;7.02
1,687;14/05/2005;7.01
1,688;15/05/2005;6.99
1,689;16/05/2005;6.99
1,690;17/05/2005;6.98
1,691;18/05/2005;6.97
1,692;19/05/2005;6.95
1,693;20/05/2005;6.94
1,694;21/05/2005;6.93
1,695;22/05/2005;6.93
1,696;23/05/2005;6.97
1,697;24/05/2005;6.95
1,698;25/05/2005;6.93
1,699;26/05/2005;6.91
1,700;27/05/2005;6.89
1,701;28/05/2005;6.87
1,702;29/05/2005;6.85
1,703;30/05/2005;6.9
1,704;31/05/2005;7.06
1,705;01/06/2005;7.14
1,706;02/06/2005;7.2
1,707;03/06/2005;7.25
1,708;04/06/2005;7.31
1,709;05/06/2005;7.32
1,710;06/06/2005;7.34
1,711;07/06/2005;7.37
1,712;08/06/2005;7.43
1,713;09/06/2005;7.43
1,714;10/06/2005;7.6
1,715;11/06/2005;7.68
1,716;12/06/2005;7.71
1,717;13/06/2005;7.69
1,718;14/06/2005;7.68
1,719;15/06/2005;7.65
1,720;16/06/2005;7.63
1,721;17/06/2005;7.63
1,722;18/06/2005;7.66
1,723;19/06/2005;7.73
1,724;20/06/2005;7.89
1,725;21/06/2005;8.06
1,726;22/06/2005;8.07
1,727;23/06/2005;8.11
1,728;24/06/2005;8.12
1,729;25/06/2005;8.1
1,730;26/06/2005;8.1
1,731;27/06/2005;8.11
1,732;28/06/2005;8.12
1,733;29/06/2005;8.13
1,734;30/06/2005;8.14
1,735;01/07/2005;8.21
1,736;02/07/2005;8.21
1,737;03/07/2005;8.2
1,738;04/07/2005;8.19
1,739;05/07/2005;8.18
1,740;06/07/2005;8.16
1,741;07/07/2005;8.15
1,742;08/07/2005;8.16
1,743;09/07/2005;8.45
1,744;10/07/2005;8.54
1,745;11/07/2005;8.57
1,746;12/07/2005;8.57
1,747;13/07/2005;8.57
1,748;14/07/2005;8.57
1,749;15/07/2005;
1,750;16/07/2005;8.56
1,751;17/07/2005;8.55
1,752;18/07/2005;8.53
1,753;19/07/2005;8.52
1,754;20/07/2005;8.51
1,755;21/07/2005;8.48
1,756;22/07/2005;8.46
1,757;23/07/2005;8.43
1,758;24/07/2005;8.41
1,759;25/07/2005;8.39
1,760;26/07/2005;8.37
1,761;27/07/2005;8.37
1,762;28/07/2005;8.36
1,763;29/07/2005;8.35
1,764;30/07/2005;8.34
1,765;31/07/2005;8.33
1,766;01/08/2005;8.31
1,767;02/08/2005;8.3
1,768;03/08/2005;8.27
1,769;04/08/2005;8.26
1,770;05/08/2005;8.25
1,771;06/08/2005;8.26
1,772;07/08/2005;8.3
1,773;08/08/2005;8.34
1,774;09/08/2005;8.34
1,775;10/08/2005;8.34
1,776;11/08/2005;8.33
1,777;12/08/2005;8.35
1,778;13/08/2005;8.41
1,779;14/08/2005;8.43
1,780;15/08/2005;8.5
1,781;16/08/2005;8.45
1,782;17/08/2005;8.42
1,783;18/08/2005;8.39
1,784;19/08/2005;8.37
1,785;20/08/2005;8.34
1,786;21/08/2005;8.32
1,787;22/08/2005;8.32
1,788;23/08/2005;8.37
1,789;24/08/2005;8.38
1,790;25/08/2005;8.39
1,791;26/08/2005;8.6
1,792;27/08/2005;8.64
1,793;28/08/2005;8.63
1,794;29/08/2005;8.61
1,795;30/08/2005;8.59
1,796;31/08/2005;8.57
1,797;01/09/2005;8.57
1,798;02/09/2005;8.63
1,799;03/09/2005;8.62
1,800;04/09/2005;8.62
1,801;05/09/2005;8.61
1,802;06/09/2005;8.59
1,803;07/09/2005;8.57
1,804;08/09/2005;8.55
1,805;09/09/2005;8.52
1,806;10/09/2005;8.52
1,807;11/09/2005;8.63
1,808;12/09/2005;8.7
1,809;13/09/2005;8.67
1,810;14/09/2005;8.65
1,811;15/09/2005;8.63
1,812;16/09/2005;8.6
1,813;17/09/2005;8.6
1,814;18/09/2005;8.61
1,815;19/09/2005;8.59
1,816;20/09/2005;8.61
1,817;21/09/2005;8.63
1,818;22/09/2005;8.62
1,819;23/09/2005;8.61
1,820;24/09/2005;8.59
1,821;25/09/2005;8.57
1,822;26/09/2005;8.58
1,823;27/09/2005;8.6
1,824;28/09/2005;8.61
1,825;29/09/2005;8.6
1,826;30/09/2005;8.59
1,827;01/10/2005;8.58
1,828;02/10/2005;8.6
1,829;03/10/2005;8.62
1,830;04/10/2005;8.64
1,831;05/10/2005;8.73
1,832;06/10/2005;8.74
1,833;07/10/2005;8.79
1,834;08/10/2005;8.81
1,835;09/10/2005;8.79
1,836;10/10/2005;8.78
1,837;11/10/2005;8.75
1,838;12/10/2005;8.73
1,839;13/10/2005;8.71
1,840;14/10/2005;8.68
1,841;15/10/2005;8.66
1,842;16/10/2005;8.64
1,843;17/10/2005;8.61
1,844;18/10/2005;8.59
1,845;19/10/2005;8.59
1,846;20/10/2005;8.56
1,847;21/10/2005;8.55
1,848;22/10/2005;8.54
1,849;23/10/2005;8.52
1,850;24/10/2005;
1,851;25/10/2005;
1,852;26/10/2005;
1,853;27/10/2005;
1,854;28/10/2005;
1,855;29/10/2005;
1,856;30/10/2005;
1,857;31/10/2005;
1,858;01/11/2005;
1,859;02/11/2005;
1,860;03/11/2005;
1,861;04/11/2005;
1,862;05/11/2005;8.52
1,863;06/11/2005;8.5
1,864;07/11/2005;8.49
1,865;08/11/2005;8.47
1,866;09/11/2005;8.45
1,867;10/11/2005;8.44
1,868;11/11/2005;8.42
1,869;12/11/2005;8.4
1,870;13/11/2005;8.39
1,871;14/11/2005;8.37
1,872;15/11/2005;8.35
1,873;16/11/2005;8.33
1,874;17/11/2005;8.32
1,875;18/11/2005;8.31
1,876;19/11/2005;8.31
1,877;20/11/2005;8.29
1,878;21/11/2005;8.27
1,879;22/11/2005;8.26
1,880;23/11/2005;8.23
1,881;24/11/2005;8.21
1,882;25/11/2005;8.2
1,883;26/11/2005;8.18
1,884;27/11/2005;8.16
1,885;28/11/2005;8.15
1,886;29/11/2005;8.14
1,887;30/11/2005;8.14
1,888;01/12/2005;8.12
1,889;02/12/2005;8.1
1,890;03/12/2005;8.08
1,891;04/12/2005;8.07
1,892;05/12/2005;8.06
1,893;06/12/2005;8.05
1,894;07/12/2005;8.05
1,895;08/12/2005;8.05
1,896;09/12/2005;8.04
1,897;10/12/2005;8.04
1,898;11/12/2005;8.03
1,899;12/12/2005;8.02
1,900;13/12/2005;8
1,901;14/12/2005;7.99
1,902;15/12/2005;7.98
1,903;16/12/2005;7.98
1,904;17/12/2005;7.97
1,905;18/12/2005;7.96
1,906;19/12/2005;7.96
1,907;20/12/2005;7.95
1,908;21/12/2005;7.94
1,909;22/12/2005;7.92
1,910;23/12/2005;7.91
1,911;24/12/2005;7.9
1,912;25/12/2005;7.89
1,913;26/12/2005;7.88
1,914;27/12/2005;7.87
1,915;28/12/2005;7.86
1,916;29/12/2005;
1,917;30/12/2005;
1,918;31/12/2005;7.82
1,919;01/01/2006;7.81
1,920;02/01/2006;7.8
1,921;03/01/2006;7.79
1,922;04/01/2006;7.78
1,923;05/01/2006;7.76
1,924;06/01/2006;7.75
1,925;07/01/2006;7.73
1,926;08/01/2006;7.72
1,927;09/01/2006;7.71
1,928;10/01/2006;7.7
1,929;11/01/2006;7.69
1,930;12/01/2006;7.68
1,931;13/01/2006;7.67
1,932;14/01/2006;7.69
1,933;15/01/2006;7.67
1,934;16/01/2006;7.66
1,935;17/01/2006;7.65
1,936;18/01/2006;7.64
1,937;19/01/2006;7.63
1,938;20/01/2006;7.63
1,939;21/01/2006;7.62
1,940;22/01/2006;7.6
1,941;23/01/2006;7.6
1,942;24/01/2006;7.58
1,943;25/01/2006;7.57
1,944;26/01/2006;7.56
1,945;27/01/2006;7.54
1,946;28/01/2006;7.52
1,947;29/01/2006;7.52
1,948;30/01/2006;7.51
1,949;31/01/2006;7.51
1,950;01/02/2006;7.49
1,951;02/02/2006;7.48
1,952;03/02/2006;7.48
1,953;04/02/2006;7.64
1,954;05/02/2006;7.68
1,955;06/02/2006;7.66
1,956;07/02/2006;7.65
1,957;08/02/2006;7.64
1,958;09/02/2006;7.63
1,959;10/02/2006;7.62
1,960;11/02/2006;7.6
1,961;12/02/2006;7.59
1,962;13/02/2006;7.58
1,963;14/02/2006;7.57
1,964;15/02/2006;7.56
1,965;16/02/2006;7.55
1,966;17/02/2006;7.55
1,967;18/02/2006;7.54
1,968;19/02/2006;7.53
1,969;20/02/2006;7.52
1,970;21/02/2006;7.51
1,971;22/02/2006;7.51
1,972;23/02/2006;7.51
1,973;24/02/2006;7.5
1,974;25/02/2006;7.52
1,975;26/02/2006;7.54
1,976;27/02/2006;7.54
1,977;28/02/2006;7.53
1,978;01/03/2006;7.53
1,979;02/03/2006;7.52
1,980;03/03/2006;7.52
1,981;04/03/2006;7.51
1,982;05/03/2006;7.51
1,983;06/03/2006;7.5
1,984;07/03/2006;7.49
1,985;08/03/2006;7.48
1,986;09/03/2006;7.47
1,987;10/03/2006;7.46
1,988;11/03/2006;7.46
1,989;12/03/2006;7.44
1,990;13/03/2006;7.43
1,991;14/03/2006;7.43
1,992;15/03/2006;7.42
1,993;16/03/2006;7.41
1,994;17/03/2006;7.39
1,995;18/03/2006;7.39
1,996;19/03/2006;7.37
1,997;20/03/2006;7.36
1,998;21/03/2006;7.35
1,999;22/03/2006;7.34
2,000;23/03/2006;7.39
2,001;24/03/2006;7.46
2,002;25/03/2006;7.44
2,003;26/03/2006;7.42
2,004;27/03/2006;7.4
2,005;28/03/2006;7.38
2,006;29/03/2006;7.37
2,007;30/03/2006;7.35
2,008;31/03/2006;7.34
2,009;01/04/2006;7.32
2,010;02/04/2006;7.31
2,011;03/04/2006;7.3
2,012;04/04/2006;7.29
2,013;05/04/2006;7.28
2,014;06/04/2006;7.27
2,015;07/04/2006;7.25
2,016;08/04/2006;7.24
2,017;09/04/2006;7.23
2,018;10/04/2006;7.22
2,019;11/04/2006;7.21
2,020;12/04/2006;7.19
2,021;13/04/2006;7.17
2,022;14/04/2006;7.16
2,023;15/04/2006;7.15
2,024;16/04/2006;7.13
2,025;17/04/2006;7.12
2,026;18/04/2006;7.1
2,027;19/04/2006;7.08
2,028;20/04/2006;7.07
2,029;21/04/2006;7.05
2,030;22/04/2006;7.04
2,031;23/04/2006;7.03
2,032;24/04/2006;7.01
2,033;25/04/2006;6.99
2,034;26/04/2006;6.98
2,035;27/04/2006;6.99
2,036;28/04/2006;6.98
2,037;29/04/2006;6.95
2,038;30/04/2006;6.91
2,039;01/05/2006;6.87
2,040;02/05/2006;6.83
2,041;03/05/2006;6.78
2,042;04/05/2006;6.72
2,043;05/05/2006;6.67
2,044;06/05/2006;6.61
2,045;07/05/2006;6.55
2,046;08/05/2006;6.5
2,047;09/05/2006;6.46
2,048;10/05/2006;6.42
2,049;11/05/2006;6.39
2,050;12/05/2006;6.37
2,051;13/05/2006;6.34
2,052;14/05/2006;6.3
2,053;15/05/2006;6.27
2,054;16/05/2006;6.47
2,055;17/05/2006;6.7
2,056;18/05/2006;6.67
2,057;19/05/2006;6.63
2,058;20/05/2006;6.58
2,059;21/05/2006;6.53
2,060;22/05/2006;6.49
2,061;23/05/2006;6.47
2,062;24/05/2006;6.44
2,063;25/05/2006;6.44
2,064;26/05/2006;6.45
2,065;27/05/2006;6.45
2,066;28/05/2006;6.52
2,067;29/05/2006;6.46
2,068;30/05/2006;6.43
2,069;31/05/2006;6.4
2,070;01/06/2006;6.37
2,071;02/06/2006;6.37
2,072;03/06/2006;6.48
2,073;04/06/2006;6.45
2,074;05/06/2006;6.4
2,075;06/06/2006;6.37
2,076;07/06/2006;6.33
2,077;08/06/2006;6.34
2,078;09/06/2006;6.39
2,079;10/06/2006;
2,080;11/06/2006;
2,081;12/06/2006;6.38
2,082;13/06/2006;6.34
2,083;14/06/2006;6.3
2,084;15/06/2006;6.26
2,085;16/06/2006;6.25
2,086;17/06/2006;6.23
2,087;18/06/2006;6.33
2,088;19/06/2006;6.46
2,089;20/06/2006;6.41
2,090;21/06/2006;6.36
2,091;22/06/2006;6.31
2,092;23/06/2006;6.27
2,093;24/06/2006;6.39
2,094;25/06/2006;6.9
2,095;26/06/2006;6.97
2,096;27/06/2006;6.96
2,097;28/06/2006;6.95
2,098;29/06/2006;6.95
2,099;30/06/2006;6.95
2,100;01/07/2006;6.96
2,101;02/07/2006;6.97
2,102;03/07/2006;7.02
2,103;04/07/2006;7
2,104;05/07/2006;6.99
2,105;06/07/2006;7
2,106;07/07/2006;7.04
2,107;08/07/2006;7.06
2,108;09/07/2006;7.16
2,109;10/07/2006;7.17
2,110;11/07/2006;7.2
2,111;12/07/2006;7.38
2,112;13/07/2006;7.49
2,113;14/07/2006;7.52
2,114;15/07/2006;7.49
2,115;16/07/2006;7.46
2,116;17/07/2006;7.43
2,117;18/07/2006;7.41
2,118;19/07/2006;7.42
2,119;20/07/2006;7.46
2,120;21/07/2006;7.54
2,121;22/07/2006;7.61
2,122;23/07/2006;7.61
2,123;24/07/2006;7.59
2,124;25/07/2006;7.55
2,125;26/07/2006;7.52
2,126;27/07/2006;7.49
2,127;28/07/2006;7.46
2,128;29/07/2006;7.44
2,129;30/07/2006;7.42
2,130;31/07/2006;7.4
2,131;01/08/2006;7.38
2,132;02/08/2006;7.35
2,133;03/08/2006;7.33
2,134;04/08/2006;7.31
2,135;05/08/2006;7.3
2,136;06/08/2006;7.29
2,137;07/08/2006;7.28
2,138;08/08/2006;7.28
2,139;09/08/2006;7.31
2,140;10/08/2006;7.31
2,141;11/08/2006;7.3
2,142;12/08/2006;7.28
2,143;13/08/2006;7.27
2,144;14/08/2006;7.3
2,145;15/08/2006;7.37
2,146;16/08/2006;7.55
2,147;17/08/2006;7.55
2,148;18/08/2006;7.54
2,149;19/08/2006;7.53
2,150;20/08/2006;7.53
2,151;21/08/2006;7.55
2,152;22/08/2006;7.55
2,153;23/08/2006;7.54
2,154;24/08/2006;7.53
2,155;25/08/2006;7.52
2,156;26/08/2006;7.52
2,157;27/08/2006;7.55
2,158;28/08/2006;7.56
2,159;29/08/2006;7.55
2,160;30/08/2006;7.62
2,161;31/08/2006;7.62
2,162;01/09/2006;7.61
2,163;02/09/2006;7.62
2,164;03/09/2006;7.64
2,165;04/09/2006;7.66
2,166;05/09/2006;7.68
2,167;06/09/2006;7.72
2,168;07/09/2006;7.72
2,169;08/09/2006;7.72
2,170;09/09/2006;7.72
2,171;10/09/2006;7.72
2,172;11/09/2006;7.73
2,173;12/09/2006;7.72
2,174;13/09/2006;7.71
2,175;14/09/2006;7.71
2,176;15/09/2006;7.71
2,177;16/09/2006;
2,178;17/09/2006;7.73
2,179;18/09/2006;7.74
2,180;19/09/2006;7.75
2,181;20/09/2006;7.83
2,182;21/09/2006;7.83
2,183;22/09/2006;7.83
2,184;23/09/2006;7.83
2,185;24/09/2006;7.82
2,186;25/09/2006;7.82
2,187;26/09/2006;7.81
2,188;27/09/2006;7.81
2,189;28/09/2006;7.84
2,190;29/09/2006;7.86
2,191;30/09/2006;7.86
2,192;01/10/2006;7.86
2,193;02/10/2006;7.86
2,194;03/10/2006;7.86
2,195;04/10/2006;7.86
2,196;05/10/2006;7.86
2,197;06/10/2006;7.86
2,198;07/10/2006;7.86
2,199;08/10/2006;7.86
2,200;09/10/2006;7.86
2,201;10/10/2006;7.87
2,202;11/10/2006;7.87
2,203;12/10/2006;7.87
2,204;13/10/2006;7.88
2,205;14/10/2006;7.88
2,206;15/10/2006;7.88
2,207;16/10/2006;7.88
2,208;17/10/2006;7.88
2,209;18/10/2006;7.88
2,210;19/10/2006;7.88
2,211;20/10/2006;7.88
2,212;21/10/2006;7.88
2,213;22/10/2006;7.88
2,214;23/10/2006;7.88
2,215;24/10/2006;7.87
2,216;25/10/2006;7.86
2,217;26/10/2006;7.86
2,218;27/10/2006;7.86
2,219;28/10/2006;7.88
2,220;29/10/2006;7.89
2,221;30/10/2006;7.89
2,222;31/10/2006;7.88
2,223;01/11/2006;7.89
2,224;02/11/2006;7.89
2,225;03/11/2006;7.9
2,226;04/11/2006;7.9
2,227;05/11/2006;7.9
2,228;06/11/2006;7.89
2,229;07/11/2006;7.88
2,230;08/11/2006;7.88
2,231;09/11/2006;7.86
2,232;10/11/2006;7.85
2,233;11/11/2006;7.84
2,234;12/11/2006;7.82
2,235;13/11/2006;7.81
2,236;14/11/2006;7.8
2,237;15/11/2006;7.79
2,238;16/11/2006;7.8
2,239;17/11/2006;7.79
2,240;18/11/2006;7.77
2,241;19/11/2006;7.75
2,242;20/11/2006;7.74
2,243;21/11/2006;7.72
2,244;22/11/2006;7.7
2,245;23/11/2006;7.69
2,246;24/11/2006;7.67
2,247;25/11/2006;7.67
2,248;26/11/2006;7.66
2,249;27/11/2006;7.65
2,250;28/11/2006;7.64
2,251;29/11/2006;7.63
2,252;30/11/2006;7.62
2,253;01/12/2006;7.61
2,254;02/12/2006;7.59
2,255;03/12/2006;
2,256;04/12/2006;
2,257;05/12/2006;7.55
2,258;06/12/2006;
2,259;07/12/2006;7.53
2,260;08/12/2006;7.51
2,261;09/12/2006;7.5
2,262;10/12/2006;7.49
2,263;11/12/2006;7.47
2,264;12/12/2006;7.46
2,265;13/12/2006;7.46
2,266;14/12/2006;7.46
2,267;15/12/2006;7.47
2,268;16/12/2006;7.47
2,269;17/12/2006;7.48
2,270;18/12/2006;7.47
2,271;19/12/2006;7.46
2,272;20/12/2006;7.45
2,273;21/12/2006;7.44
2,274;22/12/2006;7.43
2,275;23/12/2006;7.43
2,276;24/12/2006;7.43
2,277;25/12/2006;7.43
2,278;26/12/2006;7.45
2,279;27/12/2006;7.43
2,280;28/12/2006;7.42
2,281;29/12/2006;7.41
2,282;30/12/2006;7.4
2,283;31/12/2006;7.39
2,284;01/01/2007;7.38
2,285;02/01/2007;7.39
2,286;03/01/2007;7.41
2,287;04/01/2007;7.4
2,288;05/01/2007;7.4
2,289;06/01/2007;7.4
2,290;07/01/2007;7.39
2,291;08/01/2007;7.38
2,292;09/01/2007;7.38
2,293;10/01/2007;7.37
2,294;11/01/2007;7.36
2,295;12/01/2007;7.35
2,296;13/01/2007;7.34
2,297;14/01/2007;7.33
2,298;15/01/2007;7.32
2,299;16/01/2007;7.31
2,300;17/01/2007;7.3
2,301;18/01/2007;7.3
2,302;19/01/2007;7.29
2,303;20/01/2007;7.28
2,304;21/01/2007;7.27
2,305;22/01/2007;7.26
2,306;23/01/2007;7.26
2,307;24/01/2007;7.25
2,308;25/01/2007;7.25
2,309;26/01/2007;7.25
2,310;27/01/2007;7.24
2,311;28/01/2007;7.23
2,312;29/01/2007;7.23
2,313;30/01/2007;7.21
2,314;31/01/2007;7.21
2,315;01/02/2007;7.2
2,316;02/02/2007;7.2
2,317;03/02/2007;7.19
2,318;04/02/2007;7.21
2,319;05/02/2007;7.24
2,320;06/02/2007;7.23
2,321;07/02/2007;7.22
2,322;08/02/2007;7.22
2,323;09/02/2007;7.21
2,324;10/02/2007;7.2
2,325;11/02/2007;7.19
2,326;12/02/2007;7.2
2,327;13/02/2007;7.21
2,328;14/02/2007;7.2
2,329;15/02/2007;7.19
2,330;16/02/2007;7.2
2,331;17/02/2007;7.19
2,332;18/02/2007;7.18
2,333;19/02/2007;7.17
2,334;20/02/2007;7.16
2,335;21/02/2007;7.15
2,336;22/02/2007;7.14
2,337;23/02/2007;7.14
2,338;24/02/2007;7.13
2,339;25/02/2007;7.11
2,340;26/02/2007;7.11
2,341;27/02/2007;7.13
2,342;28/02/2007;7.13
2,343;01/03/2007;7.12
2,344;02/03/2007;
2,345;03/03/2007;7.11
2,346;04/03/2007;7.1
2,347;05/03/2007;7.08
2,348;06/03/2007;7.06
2,349;07/03/2007;7.05
2,350;08/03/2007;7.04
2,351;09/03/2007;7.03
2,352;10/03/2007;7.02
2,353;11/03/2007;7
2,354;12/03/2007;6.99
2,355;13/03/2007;6.97
2,356;14/03/2007;6.96
2,357;15/03/2007;6.94
2,358;16/03/2007;6.93
2,359;17/03/2007;6.92
2,360;18/03/2007;6.89
2,361;19/03/2007;6.86
2,362;20/03/2007;6.85
2,363;21/03/2007;6.85
2,364;22/03/2007;6.9
2,365;23/03/2007;6.95
2,366;24/03/2007;6.93
2,367;25/03/2007;6.91
2,368;26/03/2007;6.89
2,369;27/03/2007;6.86
2,370;28/03/2007;6.82
2,371;29/03/2007;6.78
2,372;30/03/2007;6.73
2,373;31/03/2007;6.67
2,374;01/04/2007;6.61
2,375;02/04/2007;6.54
2,376;03/04/2007;6.5
2,377;04/04/2007;6.48
2,378;05/04/2007;6.53
2,379;06/04/2007;6.5
2,380;07/04/2007;6.45
2,381;08/04/2007;6.4
2,382;09/04/2007;6.36
2,383;10/04/2007;6.33
2,384;11/04/2007;6.66
2,385;12/04/2007;6.82
2,386;13/04/2007;6.91
2,387;14/04/2007;6.91
2,388;15/04/2007;6.91
2,389;16/04/2007;6.91
2,390;17/04/2007;6.89
2,391;18/04/2007;6.86
2,392;19/04/2007;6.82
2,393;20/04/2007;6.77
2,394;21/04/2007;
2,395;22/04/2007;
2,396;23/04/2007;6.59
2,397;24/04/2007;6.53
2,398;25/04/2007;6.48
2,399;26/04/2007;6.45
2,400;27/04/2007;6.41
2,401;28/04/2007;6.38
2,402;29/04/2007;6.34
2,403;30/04/2007;6.31
2,404;01/05/2007;6.27
2,405;02/05/2007;6.26
2,406;03/05/2007;6.28
2,407;04/05/2007;6.27
2,408;05/05/2007;6.24
2,409;06/05/2007;6.22
2,410;07/05/2007;6.41
2,411;08/05/2007;6.41
2,412;09/05/2007;6.39
2,413;10/05/2007;6.37
2,414;11/05/2007;6.33
2,415;12/05/2007;6.31
2,416;13/05/2007;6.27
2,417;14/05/2007;6.24
2,418;15/05/2007;6.23
2,419;16/05/2007;6.22
2,420;17/05/2007;6.23
2,421;18/05/2007;6.22
2,422;19/05/2007;6.22
2,423;20/05/2007;6.21
2,424;21/05/2007;6.18
2,425;22/05/2007;6.15
2,426;23/05/2007;6.11
2,427;24/05/2007;6.07
2,428;25/05/2007;6.04
2,429;26/05/2007;6.02
2,430;27/05/2007;5.99
2,431;28/05/2007;5.96
2,432;29/05/2007;5.92
2,433;30/05/2007;5.89
2,434;31/05/2007;5.86
2,435;01/06/2007;5.89
2,436;02/06/2007;6.3
2,437;03/06/2007;6.34
2,438;04/06/2007;6.29
2,439;05/06/2007;6.25
2,440;06/06/2007;6.23
2,441;07/06/2007;6.35
2,442;08/06/2007;6.6
2,443;09/06/2007;6.73
2,444;10/06/2007;6.74
2,445;11/06/2007;6.74
2,446;12/06/2007;6.71
2,447;13/06/2007;6.68
2,448;14/06/2007;6.65
2,449;15/06/2007;6.68
2,450;16/06/2007;6.86
2,451;17/06/2007;7
2,452;18/06/2007;7.03
2,453;19/06/2007;7.04
2,454;20/06/2007;7.04
2,455;21/06/2007;7.04
2,456;22/06/2007;7.02
2,457;23/06/2007;7.01
2,458;24/06/2007;7
2,459;25/06/2007;6.99
2,460;26/06/2007;7.01
2,461;27/06/2007;7
2,462;28/06/2007;6.99
2,463;29/06/2007;6.98
2,464;30/06/2007;6.96
2,465;01/07/2007;7.01
2,466;02/07/2007;7.1
2,467;03/07/2007;7.11
2,468;04/07/2007;7.14
2,469;05/07/2007;7.19
2,470;06/07/2007;7.2
2,471;07/07/2007;7.21
2,472;08/07/2007;7.21
2,473;09/07/2007;7.21
2,474;10/07/2007;7.2
2,475;11/07/2007;7.22
2,476;12/07/2007;7.26
2,477;13/07/2007;7.24
2,478;14/07/2007;7.22
2,479;15/07/2007;7.2
2,480;16/07/2007;7.19
2,481;17/07/2007;7.17
2,482;18/07/2007;7.15
2,483;19/07/2007;7.13
2,484;20/07/2007;7.11
2,485;21/07/2007;7.11
2,486;22/07/2007;7.13
2,487;23/07/2007;7.13
2,488;24/07/2007;7.13
2,489;25/07/2007;7.14
2,490;26/07/2007;7.15
2,491;27/07/2007;7.17
2,492;28/07/2007;7.21
2,493;29/07/2007;7.21
2,494;30/07/2007;7.2
2,495;31/07/2007;7.19
2,496;01/08/2007;7.19
2,497;02/08/2007;7.2
2,498;03/08/2007;7.18
2,499;04/08/2007;7.17
2,500;05/08/2007;7.15
2,501;06/08/2007;7.13
2,502;07/08/2007;7.12
2,503;08/08/2007;7.1
2,504;09/08/2007;7.09
2,505;10/08/2007;7.08
2,506;11/08/2007;7.08
2,507;12/08/2007;7.13
2,508;13/08/2007;7.17
2,509;14/08/2007;7.24
2,510;15/08/2007;7.34
2,511;16/08/2007;7.31
2,512;17/08/2007;7.28
2,513;18/08/2007;7.25
2,514;19/08/2007;7.23
2,515;20/08/2007;7.21
2,516;21/08/2007;7.19
2,517;22/08/2007;7.17
2,518;23/08/2007;7.16
2,519;24/08/2007;7.14
2,520;25/08/2007;7.13
2,521;26/08/2007;7.13
2,522;27/08/2007;7.11
2,523;28/08/2007;7.1
2,524;29/08/2007;7.08
2,525;30/08/2007;7.07
2,526;31/08/2007;7.04
2,527;01/09/2007;7.02
2,528;02/09/2007;7.01
2,529;03/09/2007;7.03
2,530;04/09/2007;7.13
2,531;05/09/2007;7.11
2,532;06/09/2007;7.09
2,533;07/09/2007;7.08
2,534;08/09/2007;7.06
2,535;09/09/2007;7.11
2,536;10/09/2007;7.16
2,537;11/09/2007;7.13
2,538;12/09/2007;7.11
2,539;13/09/2007;7.11
2,540;14/09/2007;7.1
2,541;15/09/2007;7.09
2,542;16/09/2007;7.14
2,543;17/09/2007;7.17
2,544;18/09/2007;7.19
2,545;19/09/2007;7.17
2,546;20/09/2007;7.15
2,547;21/09/2007;7.14
2,548;22/09/2007;7.13
2,549;23/09/2007;7.13
2,550;24/09/2007;7.2
2,551;25/09/2007;7.26
2,552;26/09/2007;7.28
2,553;27/09/2007;7.27
2,554;28/09/2007;7.25
2,555;29/09/2007;7.24
2,556;30/09/2007;7.35
2,557;01/10/2007;7.59
2,558;02/10/2007;7.67
2,559;03/10/2007;7.65
2,560;04/10/2007;7.63
2,561;05/10/2007;7.61
2,562;06/10/2007;7.62
2,563;07/10/2007;7.61
2,564;08/10/2007;7.58
2,565;09/10/2007;7.57
2,566;10/10/2007;7.61
2,567;11/10/2007;7.62
2,568;12/10/2007;7.6
2,569;13/10/2007;7.58
2,570;14/10/2007;7.55
2,571;15/10/2007;7.54
2,572;16/10/2007;7.51
2,573;17/10/2007;7.54
2,574;18/10/2007;7.6
2,575;19/10/2007;7.56
2,576;20/10/2007;7.55
2,577;21/10/2007;7.57
2,578;22/10/2007;7.55
2,579;23/10/2007;7.53
2,580;24/10/2007;7.53
2,581;25/10/2007;7.53
2,582;26/10/2007;7.55
2,583;27/10/2007;7.57
2,584;28/10/2007;7.57
2,585;29/10/2007;7.6
2,586;30/10/2007;7.6
2,587;31/10/2007;7.58
2,588;01/11/2007;7.66
2,589;02/11/2007;7.66
2,590;03/11/2007;7.65
2,591;04/11/2007;7.63
2,592;05/11/2007;7.61
2,593;06/11/2007;7.64
2,594;07/11/2007;7.62
2,595;08/11/2007;7.6
2,596;09/11/2007;7.59
2,597;10/11/2007;7.57
2,598;11/11/2007;7.56
2,599;12/11/2007;7.54
2,600;13/11/2007;7.53
2,601;14/11/2007;7.52
2,602;15/11/2007;7.51
2,603;16/11/2007;7.49
2,604;17/11/2007;7.47
2,605;18/11/2007;7.45
2,606;19/11/2007;7.44
2,607;20/11/2007;7.43
2,608;21/11/2007;7.42
2,609;22/11/2007;7.41
2,610;23/11/2007;7.4
2,611;24/11/2007;7.4
2,612;25/11/2007;7.4
2,613;26/11/2007;7.38
2,614;27/11/2007;7.37
2,615;28/11/2007;7.36
2,616;29/11/2007;7.35
2,617;30/11/2007;7.34
2,618;01/12/2007;7.33
2,619;02/12/2007;7.32
2,620;03/12/2007;7.31
2,621;04/12/2007;7.3
2,622;05/12/2007;7.29
2,623;06/12/2007;7.28
2,624;07/12/2007;7.28
2,625;08/12/2007;7.27
2,626;09/12/2007;7.28
2,627;10/12/2007;7.27
2,628;11/12/2007;7.27
2,629;12/12/2007;7.26
2,630;13/12/2007;7.25
2,631;14/12/2007;7.25
2,632;15/12/2007;7.24
2,633;16/12/2007;7.24
2,634;17/12/2007;7.23
2,635;18/12/2007;7.21
2,636;19/12/2007;7.21
2,637;20/12/2007;7.2
2,638;21/12/2007;7.19
2,639;22/12/2007;7.19
2,640;23/12/2007;7.18
2,641;24/12/2007;7.18
2,642;25/12/2007;7.17
2,643;26/12/2007;7.17
2,644;27/12/2007;7.16
2,645;28/12/2007;7.16
2,646;29/12/2007;7.15
2,647;30/12/2007;7.15
2,648;31/12/2007;7.14
2,649;01/01/2008;7.12
2,650;02/01/2008;7.11
2,651;03/01/2008;7.1
2,652;04/01/2008;7.08
2,653;05/01/2008;7.09
2,654;06/01/2008;7.09
2,655;07/01/2008;7.08
2,656;08/01/2008;7.07
2,657;09/01/2008;7.06
2,658;10/01/2008;7.06
2,659;11/01/2008;7.05
2,660;12/01/2008;7.04
2,661;13/01/2008;7.04
2,662;14/01/2008;7.03
2,663;15/01/2008;7.02
2,664;16/01/2008;7.01
2,665;17/01/2008;7
2,666;18/01/2008;6.99
2,667;19/01/2008;6.98
2,668;20/01/2008;6.97
2,669;21/01/2008;6.96
2,670;22/01/2008;6.95
2,671;23/01/2008;6.94
2,672;24/01/2008;6.94
2,673;25/01/2008;6.93
2,674;26/01/2008;6.91
2,675;27/01/2008;6.9
2,676;28/01/2008;6.87
2,677;29/01/2008;6.85
2,678;30/01/2008;6.82
2,679;31/01/2008;6.78
2,680;01/02/2008;6.74
2,681;02/02/2008;6.71
2,682;03/02/2008;6.67
2,683;04/02/2008;6.64
2,684;05/02/2008;6.59
2,685;06/02/2008;6.55
2,686;07/02/2008;6.51
2,687;08/02/2008;6.48
2,688;09/02/2008;6.45
2,689;10/02/2008;6.44
2,690;11/02/2008;6.41
2,691;12/02/2008;6.4
2,692;13/02/2008;6.6
2,693;14/02/2008;6.78
2,694;15/02/2008;6.78
2,695;16/02/2008;6.78
2,696;17/02/2008;6.78
2,697;18/02/2008;6.78
2,698;19/02/2008;6.77
2,699;20/02/2008;6.75
2,700;21/02/2008;6.73
2,701;22/02/2008;6.71
2,702;23/02/2008;6.66
2,703;24/02/2008;6.62
2,704;25/02/2008;6.58
2,705;26/02/2008;6.53
2,706;27/02/2008;6.5
2,707;28/02/2008;6.46
2,708;29/02/2008;6.43
2,709;01/03/2008;6.4
2,710;02/03/2008;6.37
2,711;03/03/2008;6.35
2,712;04/03/2008;6.32
2,713;05/03/2008;6.4
2,714;06/03/2008;6.57
2,715;07/03/2008;6.64
2,716;08/03/2008;6.65
2,717;09/03/2008;6.63
2,718;10/03/2008;6.58
2,719;11/03/2008;6.54
2,720;12/03/2008;6.51
2,721;13/03/2008;6.48
2,722;14/03/2008;6.45
2,723;15/03/2008;6.41
2,724;16/03/2008;6.38
2,725;17/03/2008;6.36
2,726;18/03/2008;6.31
2,727;19/03/2008;6.29
2,728;20/03/2008;6.28
2,729;21/03/2008;6.33
2,730;22/03/2008;6.49
2,731;23/03/2008;6.87
2,732;24/03/2008;6.87
2,733;25/03/2008;6.87
2,734;26/03/2008;6.87
2,735;27/03/2008;6.86
2,736;28/03/2008;6.84
2,737;29/03/2008;6.82
2,738;30/03/2008;6.86
2,739;31/03/2008;6.98
2,740;01/04/2008;6.97
2,741;02/04/2008;6.96
2,742;03/04/2008;6.93
2,743;04/04/2008;6.91
2,744;05/04/2008;6.88
2,745;06/04/2008;6.93
2,746;07/04/2008;7.05
2,747;08/04/2008;7.05
2,748;09/04/2008;7.05
2,749;10/04/2008;7.04
2,750;11/04/2008;7.02
2,751;12/04/2008;7.01
2,752;13/04/2008;7.01
2,753;14/04/2008;7
2,754;15/04/2008;6.97
2,755;16/04/2008;6.96
2,756;17/04/2008;6.93
2,757;18/04/2008;6.91
2,758;19/04/2008;6.89
2,759;20/04/2008;6.88
2,760;21/04/2008;6.86
2,761;22/04/2008;6.84
2,762;23/04/2008;6.81
2,763;24/04/2008;6.78
2,764;25/04/2008;6.75
2,765;26/04/2008;6.72
2,766;27/04/2008;6.7
2,767;28/04/2008;6.67
2,768;29/04/2008;6.7
2,769;30/04/2008;6.79
2,770;01/05/2008;6.78
2,771;02/05/2008;6.77
2,772;03/05/2008;6.75
2,773;04/05/2008;6.72
2,774;05/05/2008;6.69
2,775;06/05/2008;6.67
2,776;07/05/2008;6.63
2,777;08/05/2008;6.61
2,778;09/05/2008;6.59
2,779;10/05/2008;6.56
2,780;11/05/2008;6.53
2,781;12/05/2008;6.5
2,782;13/05/2008;6.47
2,783;14/05/2008;6.44
2,784;15/05/2008;6.42
2,785;16/05/2008;6.39
2,786;17/05/2008;6.36
2,787;18/05/2008;6.33
2,788;19/05/2008;6.3
2,789;20/05/2008;6.28
2,790;21/05/2008;6.27
2,791;22/05/2008;6.24
2,792;23/05/2008;6.25
2,793;24/05/2008;6.44
2,794;25/05/2008;6.47
2,795;26/05/2008;6.5
2,796;27/05/2008;6.52
2,797;28/05/2008;6.54
2,798;29/05/2008;6.54
2,799;30/05/2008;6.57
2,800;31/05/2008;6.61
2,801;01/06/2008;6.59
2,802;02/06/2008;6.56
2,803;03/06/2008;6.53
2,804;04/06/2008;6.5
2,805;05/06/2008;6.45
2,806;06/06/2008;6.41
2,807;07/06/2008;6.36
2,808;08/06/2008;6.35
2,809;09/06/2008;6.33
2,810;10/06/2008;6.38
2,811;11/06/2008;6.71
2,812;12/06/2008;6.75
2,813;13/06/2008;6.78
2,814;14/06/2008;6.78
2,815;15/06/2008;6.78
2,816;16/06/2008;6.8
2,817;17/06/2008;6.88
2,818;18/06/2008;7.03
2,819;19/06/2008;7.32
2,820;20/06/2008;7.41
2,821;21/06/2008;7.42
2,822;22/06/2008;7.43
2,823;23/06/2008;7.45
2,824;24/06/2008;7.43
2,825;25/06/2008;7.4
2,826;26/06/2008;7.37
2,827;27/06/2008;7.35
2,828;28/06/2008;7.32
2,829;29/06/2008;7.29
2,830;30/06/2008;7.26
2,831;01/07/2008;7.26
2,832;02/07/2008;7.27
2,833;03/07/2008;7.26
2,834;04/07/2008;7.26
2,835;05/07/2008;7.25
2,836;06/07/2008;7.26
2,837;07/07/2008;7.26
2,838;08/07/2008;7.34
2,839;09/07/2008;7.34
2,840;10/07/2008;7.31
2,841;11/07/2008;7.29
2,842;12/07/2008;7.28
2,843;13/07/2008;7.3
2,844;14/07/2008;7.29
2,845;15/07/2008;7.3
2,846;16/07/2008;7.35
2,847;17/07/2008;7.34
2,848;18/07/2008;7.33
2,849;19/07/2008;7.37
2,850;20/07/2008;7.36
2,851;21/07/2008;7.34
2,852;22/07/2008;7.32
2,853;23/07/2008;7.32
2,854;24/07/2008;7.4
2,855;25/07/2008;7.42
2,856;26/07/2008;7.47
2,857;27/07/2008;7.47
2,858;28/07/2008;7.5
2,859;29/07/2008;7.61
2,860;30/07/2008;7.59
2,861;31/07/2008;7.58
2,862;01/08/2008;7.56
2,863;02/08/2008;7.56
2,864;03/08/2008;7.63
2,865;04/08/2008;7.66
2,866;05/08/2008;7.66
2,867;06/08/2008;7.66
2,868;07/08/2008;7.64
2,869;08/08/2008;7.63
2,870;09/08/2008;7.62
2,871;10/08/2008;7.61
2,872;11/08/2008;7.61
2,873;12/08/2008;7.61
2,874;13/08/2008;7.61
2,875;14/08/2008;7.61
2,876;15/08/2008;7.64
2,877;16/08/2008;7.68
2,878;17/08/2008;7.7
2,879;18/08/2008;7.79
2,880;19/08/2008;8.01
2,881;20/08/2008;8.03
2,882;21/08/2008;8.03
2,883;22/08/2008;8.05
2,884;23/08/2008;8.08
2,885;24/08/2008;8.08
2,886;25/08/2008;8.08
2,887;26/08/2008;8.1
2,888;27/08/2008;8.14
2,889;28/08/2008;8.13
2,890;29/08/2008;8.12
2,891;30/08/2008;8.12
2,892;31/08/2008;8.21
2,893;01/09/2008;8.26
2,894;02/09/2008;8.24
2,895;03/09/2008;8.23
2,896;04/09/2008;8.2
2,897;05/09/2008;8.2
2,898;06/09/2008;8.19
2,899;07/09/2008;8.17
2,900;08/09/2008;8.15
2,901;09/09/2008;8.16
2,902;10/09/2008;8.19
2,903;11/09/2008;8.19
2,904;12/09/2008;8.18
2,905;13/09/2008;8.17
2,906;14/09/2008;8.15
2,907;15/09/2008;8.14
2,908;16/09/2008;8.15
2,909;17/09/2008;8.17
2,910;18/09/2008;8.16
2,911;19/09/2008;8.16
2,912;20/09/2008;8.15
2,913;21/09/2008;8.14
2,914;22/09/2008;8.13
2,915;23/09/2008;8.15
2,916;24/09/2008;8.19
2,917;25/09/2008;8.18
2,918;26/09/2008;8.16
2,919;27/09/2008;8.15
2,920;28/09/2008;8.17
2,921;29/09/2008;8.24
2,922;30/09/2008;8.31
2,923;01/10/2008;8.4
2,924;02/10/2008;8.4
2,925;03/10/2008;8.39
2,926;04/10/2008;8.4
2,927;05/10/2008;8.45
2,928;06/10/2008;8.47
2,929;07/10/2008;8.47
2,930;08/10/2008;8.46
2,931;09/10/2008;8.49
2,932;10/10/2008;8.56
2,933;11/10/2008;8.59
2,934;12/10/2008;8.58
2,935;13/10/2008;8.57
2,936;14/10/2008;8.61
2,937;15/10/2008;8.61
2,938;16/10/2008;8.61
2,939;17/10/2008;8.61
2,940;18/10/2008;8.59
2,941;19/10/2008;8.57
2,942;20/10/2008;8.54
2,943;21/10/2008;8.52
2,944;22/10/2008;8.5
2,945;23/10/2008;8.5
2,946;24/10/2008;8.51
2,947;25/10/2008;8.5
2,948;26/10/2008;8.5
2,949;27/10/2008;8.48
2,950;28/10/2008;8.45
2,951;29/10/2008;8.43
2,952;30/10/2008;8.42
2,953;31/10/2008;8.41
2,954;01/11/2008;8.39
2,955;02/11/2008;8.37
2,956;03/11/2008;8.37
2,957;04/11/2008;8.35
2,958;05/11/2008;8.34
2,959;06/11/2008;8.32
2,960;07/11/2008;8.3
2,961;08/11/2008;8.29
2,962;09/11/2008;8.27
2,963;10/11/2008;8.25
2,964;11/11/2008;8.23
2,965;12/11/2008;8.22
2,966;13/11/2008;8.2
2,967;14/11/2008;8.17
2,968;15/11/2008;8.14
2,969;16/11/2008;8.11
2,970;17/11/2008;8.08
2,971;18/11/2008;8.05
2,972;19/11/2008;8.04
2,973;20/11/2008;8.02
2,974;21/11/2008;8.02
2,975;22/11/2008;8.01
2,976;23/11/2008;8
2,977;24/11/2008;8
2,978;25/11/2008;7.99
2,979;26/11/2008;7.99
2,980;27/11/2008;7.98
2,981;28/11/2008;7.97
2,982;29/11/2008;7.97
2,983;30/11/2008;7.99
2,984;01/12/2008;8.06
2,985;02/12/2008;8.06
2,986;03/12/2008;8.05
2,987;04/12/2008;8.04
2,988;05/12/2008;8.03
2,989;06/12/2008;8.03
2,990;07/12/2008;8.02
2,991;08/12/2008;8.01
2,992;09/12/2008;8.01
2,993;10/12/2008;8
2,994;11/12/2008;8
2,995;12/12/2008;8
2,996;13/12/2008;7.99
2,997;14/12/2008;7.97
2,998;15/12/2008;7.96
2,999;16/12/2008;7.95
3,000;17/12/2008;7.94
3,001;18/12/2008;7.93
3,002;19/12/2008;7.92
3,003;20/12/2008;7.9
3,004;21/12/2008;7.89
3,005;22/12/2008;7.87
3,006;23/12/2008;7.85
3,007;24/12/2008;7.84
3,008;25/12/2008;7.84
3,009;26/12/2008;7.83
3,010;27/12/2008;7.81
3,011;28/12/2008;7.8
3,012;29/12/2008;7.79
3,013;30/12/2008;7.77
3,014;31/12/2008;7.76
3,015;01/01/2009;7.74
3,016;02/01/2009;7.73
3,017;03/01/2009;7.71
3,018;04/01/2009;7.7
3,019;05/01/2009;7.69
3,020;06/01/2009;7.68
3,021;07/01/2009;7.67
3,022;08/01/2009;7.66
3,023;09/01/2009;7.65
3,024;10/01/2009;7.64
3,025;11/01/2009;7.62
3,026;12/01/2009;7.61
3,027;13/01/2009;7.6
3,028;14/01/2009;7.59
3,029;15/01/2009;7.57
3,030;16/01/2009;7.56
3,031;17/01/2009;7.54
3,032;18/01/2009;7.53
3,033;19/01/2009;7.52
3,034;20/01/2009;7.51
3,035;21/01/2009;7.49
3,036;22/01/2009;7.48
3,037;23/01/2009;7.47
3,038;24/01/2009;7.46
3,039;25/01/2009;7.45
3,040;26/01/2009;7.44
3,041;27/01/2009;7.43
3,042;28/01/2009;7.42
3,043;29/01/2009;7.41
3,044;30/01/2009;7.4
3,045;31/01/2009;7.4
3,046;01/02/2009;7.38
3,047;02/02/2009;7.38
3,048;03/02/2009;7.42
3,049;04/02/2009;7.41
3,050;05/02/2009;7.39
3,051;06/02/2009;7.38
3,052;07/02/2009;7.37
3,053;08/02/2009;7.37
3,054;09/02/2009;7.36
3,055;10/02/2009;7.35
3,056;11/02/2009;7.34
3,057;12/02/2009;7.34
3,058;13/02/2009;7.33
3,059;14/02/2009;7.32
3,060;15/02/2009;7.34
3,061;16/02/2009;7.33
3,062;17/02/2009;7.32
3,063;18/02/2009;7.3
3,064;19/02/2009;7.29
3,065;20/02/2009;7.28
3,066;21/02/2009;7.27
3,067;22/02/2009;7.26
3,068;23/02/2009;7.25
3,069;24/02/2009;7.25
3,070;25/02/2009;7.24
3,071;26/02/2009;7.23
3,072;27/02/2009;7.21
3,073;28/02/2009;7.21
3,074;01/03/2009;7.2
3,075;02/03/2009;7.19
3,076;03/03/2009;7.17
3,077;04/03/2009;7.17
3,078;05/03/2009;7.16
3,079;06/03/2009;7.15
3,080;07/03/2009;7.14
3,081;08/03/2009;7.13
3,082;09/03/2009;7.12
3,083;10/03/2009;7.11
3,084;11/03/2009;7.1
3,085;12/03/2009;7.09
3,086;13/03/2009;7.08
3,087;14/03/2009;7.06
3,088;15/03/2009;7.05
3,089;16/03/2009;7.05
3,090;17/03/2009;7.03
3,091;18/03/2009;7.09
3,092;19/03/2009;7.1
3,093;20/03/2009;7.09
3,094;21/03/2009;7.08
3,095;22/03/2009;7.08
3,096;23/03/2009;7.06
3,097;24/03/2009;7.05
3,098;25/03/2009;7.03
3,099;26/03/2009;7.02
3,100;27/03/2009;7
3,101;28/03/2009;6.99
3,102;29/03/2009;6.97
3,103;30/03/2009;6.97
3,104;31/03/2009;6.95
3,105;01/04/2009;6.93
3,106;02/04/2009;6.9
3,107;03/04/2009;6.88
3,108;04/04/2009;6.84
3,109;05/04/2009;6.8
3,110;06/04/2009;6.75
3,111;07/04/2009;6.68
3,112;08/04/2009;6.62
3,113;09/04/2009;6.56
3,114;10/04/2009;6.51
3,115;11/04/2009;6.47
3,116;12/04/2009;6.44
3,117;13/04/2009;6.4
3,118;14/04/2009;6.36
3,119;15/04/2009;6.33
3,120;16/04/2009;6.3
3,121;17/04/2009;6.27
3,122;18/04/2009;6.24
3,123;19/04/2009;6.19
3,124;20/04/2009;6.16
3,125;21/04/2009;6.21
3,126;22/04/2009;6.24
3,127;23/04/2009;6.21
3,128;24/04/2009;6.17
3,129;25/04/2009;6.12
3,130;26/04/2009;6.09
3,131;27/04/2009;6.05
3,132;28/04/2009;6.02
3,133;29/04/2009;5.99
3,134;30/04/2009;5.95
3,135;01/05/2009;5.91
3,136;02/05/2009;5.87
3,137;03/05/2009;5.83
3,138;04/05/2009;5.8
3,139;05/05/2009;5.77
3,140;06/05/2009;5.72
3,141;07/05/2009;5.68
3,142;08/05/2009;5.64
3,143;09/05/2009;5.6
3,144;10/05/2009;5.55
3,145;11/05/2009;5.52
3,146;12/05/2009;5.48
3,147;13/05/2009;5.45
3,148;14/05/2009;5.42
3,149;15/05/2009;5.4
3,150;16/05/2009;5.43
3,151;17/05/2009;5.45
3,152;18/05/2009;5.45
3,153;19/05/2009;5.68
3,154;20/05/2009;5.77
3,155;21/05/2009;5.76
3,156;22/05/2009;5.79
3,157;23/05/2009;5.86
3,158;24/05/2009;5.96
3,159;25/05/2009;6.22
3,160;26/05/2009;6.34
3,161;27/05/2009;6.37
3,162;28/05/2009;6.38
3,163;29/05/2009;6.55
3,164;30/05/2009;6.75
3,165;31/05/2009;6.77
3,166;01/06/2009;6.79
3,167;02/06/2009;6.8
3,168;03/06/2009;6.79
3,169;04/06/2009;6.77
3,170;05/06/2009;6.77
3,171;06/06/2009;6.8
3,172;07/06/2009;6.89
3,173;08/06/2009;6.94
3,174;09/06/2009;6.99
3,175;10/06/2009;6.98
3,176;11/06/2009;6.97
3,177;12/06/2009;6.97
3,178;13/06/2009;6.99
3,179;14/06/2009;7.03
3,180;15/06/2009;7.01
3,181;16/06/2009;6.99
3,182;17/06/2009;7.01
3,183;18/06/2009;7.01
3,184;19/06/2009;7.01
3,185;20/06/2009;7.01
3,186;21/06/2009;7.01
3,187;22/06/2009;7.03
3,188;23/06/2009;7.06
3,189;24/06/2009;7.12
3,190;25/06/2009;7.1
3,191;26/06/2009;7.11
3,192;27/06/2009;7.13
3,193;28/06/2009;7.16
3,194;29/06/2009;7.18
3,195;30/06/2009;7.22
3,196;01/07/2009;7.29
3,197;02/07/2009;7.36
3,198;03/07/2009;7.38
3,199;04/07/2009;7.37
3,200;05/07/2009;7.42
3,201;06/07/2009;7.45
3,202;07/07/2009;7.42
3,203;08/07/2009;7.4
3,204;09/07/2009;7.4
3,205;10/07/2009;7.39
3,206;11/07/2009;7.39
3,207;12/07/2009;7.44
3,208;13/07/2009;7.5
3,209;14/07/2009;7.48
3,210;15/07/2009;7.47
3,211;16/07/2009;7.49
3,212;17/07/2009;7.5
3,213;18/07/2009;7.51
3,214;19/07/2009;7.61
3,215;20/07/2009;7.61
3,216;21/07/2009;7.61
3,217;22/07/2009;7.64
3,218;23/07/2009;7.68
3,219;24/07/2009;7.75
3,220;25/07/2009;7.76
3,221;26/07/2009;7.79
3,222;27/07/2009;7.85
3,223;28/07/2009;7.85
3,224;29/07/2009;7.85
3,225;30/07/2009;7.89
3,226;31/07/2009;7.89
3,227;01/08/2009;7.89
3,228;02/08/2009;7.89
3,229;03/08/2009;7.89
3,230;04/08/2009;7.89
3,231;05/08/2009;7.88
3,232;06/08/2009;7.88
3,233;07/08/2009;7.88
3,234;08/08/2009;7.89
3,235;09/08/2009;7.93
3,236;10/08/2009;8.04
3,237;11/08/2009;8.04
3,238;12/08/2009;8.04
3,239;13/08/2009;8.05
3,240;14/08/2009;8.06
3,241;15/08/2009;8.12
3,242;16/08/2009;8.2
3,243;17/08/2009;8.2
3,244;18/08/2009;8.21
3,245;19/08/2009;8.21
3,246;20/08/2009;8.2
3,247;21/08/2009;8.18
3,248;22/08/2009;8.16
3,249;23/08/2009;8.14
3,250;24/08/2009;8.14
3,251;25/08/2009;8.13
3,252;26/08/2009;8.12
3,253;27/08/2009;8.11
3,254;28/08/2009;8.1
3,255;29/08/2009;8.08
3,256;30/08/2009;8.06
3,257;31/08/2009;8.05
3,258;01/09/2009;8.09
3,259;02/09/2009;8.08
3,260;03/09/2009;8.08
3,261;04/09/2009;8.09
3,262;05/09/2009;8.09
3,263;06/09/2009;8.09
3,264;07/09/2009;8.07
3,265;08/09/2009;8.05
3,266;09/09/2009;8.08
3,267;10/09/2009;8.12
3,268;11/09/2009;8.1
3,269;12/09/2009;8.09
3,270;13/09/2009;8.11
3,271;14/09/2009;8.15
3,272;15/09/2009;8.13
3,273;16/09/2009;8.14
3,274;17/09/2009;8.17
3,275;18/09/2009;8.16
3,276;19/09/2009;8.21
3,277;20/09/2009;8.29
3,278;21/09/2009;8.29
3,279;22/09/2009;8.27
3,280;23/09/2009;8.26
3,281;24/09/2009;8.26
3,282;25/09/2009;8.24
3,283;26/09/2009;8.23
3,284;27/09/2009;8.23
3,285;28/09/2009;8.24
3,286;29/09/2009;8.23
3,287;30/09/2009;8.21
